-1.99908447265625,0.53179931640625,-0.833453369140625,0.7836167169892354,-1.952880859375,1.9993896484375,-0.1023681640625,0.7760614877023226,-1.86822509765625,1.99993896484375,0.5728678385416667,1.197583803405945,-204.9236641221374,250.04580152671755,-22.698854961832065,101.98326708277106,-250.13740458015266,250.12977099236642,6.758651399491101,142.43622472474644,-210.4198473282443,250.10687022900763,34.275063613231545,116.86512852462927
-1.99908447265625,1.95941162109375,-0.8051798502604167,1.047974038167044,-1.3155517578125,1.9993896484375,0.05923055013020833,0.6610505536704193,-1.19342041015625,1.99993896484375,0.4692108154296875,1.0353997275353048,-189.0,250.04580152671755,-6.645419847328241,102.31812335197509,-250.13740458015266,250.12977099236642,-20.264249363867645,203.27459684674074,-179.7709923664122,250.10687022900763,41.108142493638674,104.25392311634826
-1.99908447265625,0.74676513671875,-1.1499267578125,0.7850504993993961,-1.9356689453125,1.9993896484375,-0.41897176106770834,0.6244988772580558,-1.86761474609375,1.99993896484375,-0.10322977701822916,1.0156957771708441,-219.80152671755727,250.05343511450383,59.93256997455472,120.60275683173911,-250.13740458015266,250.12977099236642,-34.49338422391857,176.99849756048243,-216.04580152671755,250.10687022900763,64.78269720101778,123.17686672132388
-1.9991455078125,1.19989013671875,-1.0492869059244792,0.8805213950241655,-1.567138671875,1.5455322265625,-0.1042236328125,0.6083555326244905,-1.54901123046875,1.99993896484375,0.508135986328125,1.0267650566751099,-214.36641221374046,250.05343511450383,-8.709923664122137,97.76589473332496,-250.13740458015266,250.12977099236642,-29.711323155216256,208.07387127858826,-216.09923664122138,250.09923664122138,4.583460559796435,101.34127005364242
-1.99908447265625,0.04510498046875,-0.9314717610677083,0.5146747477693413,-1.712646484375,0.8740234375,-0.24073079427083333,0.5600573986539154,-0.19305419921875,1.17840576171875,0.383294677734375,0.35266493913252406,-65.12213740458016,250.04580152671755,67.84274809160304,102.43742226029416,-250.13740458015266,182.99236641221373,17.59567430025444,110.33541921196279,-227.95419847328245,250.10687022900763,28.339694656488536,117.2760686466388
-1.99908447265625,0.53887939453125,-1.0467203776041667,0.6587300224123528,-1.437255859375,1.9993896484375,-0.05455423990885417,0.6389999056869461,-0.44232177734375,0.45721435546875,0.035475667317708334,0.19601490132750418,-99.34351145038168,108.12977099236642,-0.27697201017811657,41.3794541544002,-103.41984732824427,76.42748091603053,8.900890585241733,27.454888894361524,-230.72519083969465,250.10687022900763,47.47099236641221,109.75113522813052
-1.99908447265625,1.20843505859375,-0.6427266438802083,0.9629616693856011,-1.9256591796875,1.9993896484375,-0.25474141438802084,0.7379531098183686,-1.56793212890625,1.99993896484375,0.2575775146484375,0.5718147564549587,-199.48091603053436,159.78625954198472,-7.889949109414764,60.26644841510906,-250.13740458015266,250.12977099236642,5.712213740458014,94.610783682087,-27.755725190839694,250.10687022900763,52.43104325699746,97.90298107128291
-1.99908447265625,-0.81427001953125,-1.2418904622395834,0.46401936051666026,-1.8724365234375,1.9993896484375,0.12079671223958334,0.833695995736375,-0.92852783203125,1.9998779296875,0.2619557698567708,0.5202223578350078,-72.00763358778626,250.04580152671755,36.01577608142494,103.40771431876266,-250.13740458015266,250.12977099236642,14.58346055979644,115.08988447967755,-183.06106870229007,250.10687022900763,33.38193384223917,101.58024538425529
-1.9991455078125,1.93634033203125,-0.7576873779296875,0.893097352051698,-1.384765625,1.9993896484375,-0.06726481119791666,0.7161150389027728,-1.63360595703125,1.99993896484375,0.3792724609375,0.6754223116127414,-241.40458015267177,250.05343511450383,-1.5970737913486028,125.279192518484,-129.45038167938932,250.12977099236642,37.15496183206108,87.60838430945176,-246.42748091603053,250.10687022900763,22.398727735368954,104.32390528084849
-1.99908447265625,0.98773193359375,-0.635723876953125,0.9927868200321008,-1.7984619140625,1.9993896484375,-0.24260660807291667,0.7418425209529061,-1.72833251953125,1.99993896484375,0.22616678873697918,0.5568126187578362,-226.9236641221374,232.3053435114504,-14.050763358778626,71.89762236435574,-250.13740458015266,250.12977099236642,11.213613231552166,92.6302532418621,-216.04580152671755,250.10687022900763,41.27340966921118,109.064009104367
-1.99908447265625,1.35028076171875,-1.23138427734375,0.7696381131799493,-1.613525390625,1.9993896484375,-0.034649658203125,0.70155826407089,-1.87347412109375,1.99993896484375,0.5540639241536458,1.0891865962275995,-165.99236641221373,250.04580152671755,10.442493638676845,84.67810593072316,-250.13740458015266,250.12977099236642,-24.726208651399457,193.36084120870115,-188.4732824427481,250.10687022900763,26.25381679389313,124.55819760502294
-1.99908447265625,0.72515869140625,-1.059063720703125,0.7488570329773049,-1.9625244140625,1.9993896484375,-0.20410970052083333,0.8109826117314085,-1.79461669921875,1.99993896484375,0.36155598958333335,1.1508137630316875,-237.08396946564886,250.05343511450383,-14.139440203562344,97.86405903836241,-250.13740458015266,250.12977099236642,9.453053435114505,142.02399674291058,-242.29770992366412,250.10687022900763,31.8941475826972,137.37028758303651
-1.9991455078125,1.82818603515625,-0.6563069661458333,0.939473243039239,-1.9085693359375,1.9993896484375,-0.233343505859375,0.6727306285814874,-1.51727294921875,1.77496337890625,0.2563273111979167,0.5728583262578548,-100.80916030534351,250.05343511450383,68.54643765903307,117.32702297935745,-171.42748091603053,250.12977099236642,31.968447837150123,83.37204079901792,-213.73282442748092,250.10687022900763,21.65725190839695,115.26970136100749
-1.99908447265625,0.46881103515625,-1.151080322265625,0.7188168211501426,-1.939453125,1.9993896484375,-0.42049560546875,0.6803967458784401,-1.96319580078125,1.99993896484375,-0.15526123046875,1.0910477106261685,-240.91603053435114,250.05343511450383,44.05725190839696,122.1753658539668,-250.13740458015266,250.12977099236642,-16.643638676844784,177.41631632213586,-248.8091603053435,250.10687022900763,40.3538167938931,119.30038813688937
-1.99908447265625,1.22271728515625,-1.0976826985677084,0.9086790461817699,-1.6304931640625,1.9993896484375,-0.092694091796875,0.551820241526973,-1.96734619140625,1.99993896484375,0.69765625,1.0288308379082964,-243.31297709923663,250.05343511450383,-14.702290076335878,109.01194980642137,-250.13740458015266,250.12977099236642,-6.9835877862595135,187.22480273269892,-247.206106870229,250.10687022900763,11.784860050890586,117.46576380528714
-1.9991455078125,1.98150634765625,-0.5857818603515625,0.919167270405184,-1.6380615234375,1.9993896484375,-0.20390218098958332,0.6716187281071239,-1.98724365234375,1.9998779296875,0.2224090576171875,0.7809189039428104,-160.45801526717557,250.05343511450383,83.46781170483463,124.34869818588979,-250.13740458015266,250.12977099236642,-4.651653944020358,94.5861236003796,-248.34351145038167,250.10687022900763,40.334860050890605,112.39514186417443
-1.93182373046875,1.48297119140625,-0.38500569661458334,0.9165704042498821,-1.9864501953125,0.9063720703125,-0.275506591796875,0.558430790876847,-1.86553955078125,1.9998779296875,0.3474029541015625,0.6290197022951562,-237.6259541984733,250.05343511450383,36.96781170483459,123.09357307173471,-84.70992366412214,250.12977099236642,34.63931297709923,74.34240898619304,-235.5801526717557,250.10687022900763,24.504325699745543,114.21186385406915
-1.49212646484375,1.84857177734375,-0.2738871256510417,0.8686206313284048,-1.7138671875,0.601318359375,-0.22381998697916666,0.5032478135973282,-1.64654541015625,1.70135498046875,0.41006673177083336,0.6534689833878539,-241.63358778625954,250.05343511450383,-3.855216284987284,127.2411481167443,-128.67175572519085,250.12977099236642,40.364122137404586,86.27797858452463,-232.29007633587787,176.42748091603053,-3.8769720101781155,97.38662750160742
-1.9991455078125,0.68414306640625,-0.9385121663411459,0.6601571589398197,-1.6318359375,1.9993896484375,-0.156280517578125,0.7322025823809621,-1.71466064453125,1.99993896484375,0.2604471842447917,0.7445656367107497,-211.16030534351145,250.05343511450383,11.15725190839695,133.4127776854504,-223.99236641221373,250.12977099236642,36.08791348600509,99.38328965047255,-242.6793893129771,250.10687022900763,6.512595419847331,113.30063581783207
-1.70037841796875,1.16363525390625,-0.10583699544270833,0.7035952299536031,-1.385498046875,1.9993896484375,-0.115972900390625,0.5486324397583462,-1.82489013671875,1.23919677734375,0.460845947265625,0.6685729184149296,-228.21374045801528,250.05343511450383,28.232824427480928,121.31288275279385,-146.14503816793894,250.12977099236642,25.138676844783717,82.70573735347836,-249.74809160305344,250.10687022900763,25.002671755725192,99.96536324949658
-1.99908447265625,1.00274658203125,-1.220294189453125,0.6592773100170762,-1.876708984375,1.9993896484375,-0.0150787353515625,0.8835955678621739,-1.30780029296875,1.99993896484375,0.6589701334635417,0.9000233891344402,-242.27480916030535,250.05343511450383,19.275318066157784,124.84816170565267,-250.13740458015266,250.12977099236642,3.9170483460559837,151.5239816066297,-241.29007633587787,250.10687022900763,45.32213740458018,122.09186934041348
-0.80535888671875,0.64508056640625,0.13736572265625,0.3218809796095357,-0.95068359375,0.458740234375,-0.15412190755208333,0.3696175952201075,0.51702880859375,1.28546142578125,0.8386555989583333,0.1684866472143548,-113.87786259541984,118.40458015267176,-21.804325699745554,52.71448588363221,-126.83969465648855,65.93893129770993,-13.43053435114504,44.58410364047361,-56.458015267175576,137.3969465648855,14.029262086513997,42.29677900763355
-1.280029296875,0.4554443359375,-0.4813130696614583,0.5446405586864855,-1.6141357421875,-0.0916748046875,-0.486700439453125,0.35358386461242897,-0.18310546875,1.20703125,0.41360677083333336,0.33673371603984714,-75.25190839694656,108.22137404580153,0.42824427480916094,39.729799791387,-162.2824427480916,144.75572519083968,12.046055979643759,71.57931719709232,-234.1908396946565,139.16030534351145,3.637786259541986,87.76813972457457
-2.0,0.9158935546875,-0.9319539388020833,0.719136964044012,-1.99993896484375,1.1422119140625,-0.45646260579427084,0.6525775868667103,-1.6597900390625,1.99951171875,0.32307840983072916,1.1510627749036506,-248.793893129771,250.04580152671755,-1.005725190839696,102.08052863598328,-250.13740458015266,250.12977099236642,6.364631043256991,141.53578559698252,-245.2290076335878,250.09923664122138,16.409287531806612,128.72930622397638
-2.0,0.4927978515625,-1.0157145182291667,0.5957316372948015,-1.3382568359375,1.8408203125,-0.19811604817708334,0.5905225134305417,-0.3863525390625,0.61083984375,0.10258382161458333,0.2233002124198402,-57.55725190839695,131.67175572519085,6.461704834605598,32.35377305453202,-38.58015267175573,39.152671755725194,6.0293893129770995,14.471725453818689,-219.3969465648855,250.09923664122138,41.26615776081426,103.54991011563106
-0.998291015625,-0.7994384765625,-0.9129414876302083,0.04044385940835055,-0.320556640625,0.00048828125,-0.21728515625,0.05552745962195954,-0.1217041015625,0.2117919921875,0.008048502604166667,0.06353034879415281,-49.33587786259542,40.52671755725191,2.3194656488549614,15.409684468401009,-48.49618320610687,28.0381679389313,-3.2131043256997454,13.976135777630738,-29.66412213740458,23.580152671755727,0.5678117048346054,10.475039628542902
-2.0,-0.183349609375,-1.143817138671875,0.5093274482082326,-1.9716796875,0.902099609375,-0.114886474609375,0.4530504918027038,-1.4298095703125,1.99951171875,0.30859375,0.8917314756033473,-119.18320610687023,220.7709923664122,0.7725190839694682,67.88465779087687,-250.13740458015266,250.12977099236642,-40.83422391857507,150.30294491634885,-220.14503816793894,250.09923664122138,1.069847328244273,84.63655417264205
-2.0,0.234375,-0.9477864583333333,0.5847587167333325,-1.1527099609375,0.64013671875,-0.19791056315104166,0.34587473179668654,-1.9737548828125,1.9998779296875,-0.005455525716145834,0.764755465730558,-250.09923664122138,204.4198473282443,23.386259541984746,78.64357340393357,-210.51908396946564,250.06870229007635,79.84949109414758,130.0370544411182,-242.4198473282443,250.08396946564886,-12.394910941475832,108.55417538411758
-2.0,-0.021484375,-1.2356852213541667,0.5204030782868168,-1.8046875,0.4075927734375,-0.232037353515625,0.5296909520909453,-1.5960693359375,1.99951171875,0.3412078857421875,1.0067785291392655,-241.74809160305344,250.04580152671755,13.239312977099237,92.02100053129064,-250.13740458015266,250.12977099236642,-34.93638676844784,162.07890122750283,-223.76335877862596,250.09923664122138,-1.4544529262086532,100.36361618936522
-2.0,-0.0810546875,-0.966595458984375,0.45214338052960873,-1.9195556640625,0.5478515625,-0.35070393880208334,0.5135938557092481,-1.809326171875,1.9998779296875,-0.249224853515625,0.602092715743967,-172.26717557251908,62.47328244274809,-19.762468193384226,46.039651421842635,-241.1145038167939,250.06870229007635,16.673918575063613,103.55761729165256,-180.87022900763358,250.08396946564886,50.484605597964375,106.98222692211553
-1.166015625,1.1221923828125,-0.46685994466145836,0.7150379822184234,-1.2952880859375,0.3446044921875,-0.18488362630208333,0.35500157804082244,-1.4656982421875,1.09716796875,0.25699462890625,0.49192895905667616,-42.42748091603053,250.0381679389313,31.113994910941475,74.56944510683458,-141.3053435114504,179.29007633587787,-1.3800254452926182,57.988654938681464,-238.73282442748092,87.32824427480917,-24.578753180661575,71.9782698336902
-2.0,-0.87890625,-1.0077677408854167,0.3250640318086794,-1.0247802734375,-0.0732421875,-0.32907307942708336,0.12656373581273295,-0.7388916015625,1.9998779296875,0.06903279622395833,0.5983102391153384,-47.02290076335878,66.87786259541984,-2.3283715012722643,17.064276110725125,-8.84732824427481,250.06106870229007,25.884096692111953,79.91630221427695,-208.89312977099237,4.633587786259542,-16.964631043257,46.17498746850233
-2.0,0.3778076171875,-1.099383544921875,0.8462558701002314,-1.8275146484375,1.23876953125,-0.34829305013020834,0.5859182564077207,-1.697021484375,1.99951171875,0.26774393717447914,1.0271620563693529,-89.4885496183206,250.0381679389313,15.13944020356234,70.26570901732126,-250.13740458015266,250.12977099236642,-16.941603053435117,160.48755313732167,-219.2290076335878,250.09923664122138,23.696819338422394,123.01576152375776
-0.9697265625,-0.806884765625,-0.9095703125,0.01970346849501257,-0.609375,-0.22265625,-0.28294677734375,0.0784690673862699,-0.3695068359375,0.0155029296875,-0.081951904296875,0.051376238256237175,-44.19847328244275,17.519083969465647,1.905470737913487,9.365764601396425,-6.206106870229007,11.641221374045802,-1.8365139949109412,3.2189090928233477,-66.82442748091603,6.33587786259542,-3.7034351145038173,12.84162239499243
-2.0,0.6553955078125,-1.028497314453125,0.7548334979119715,-1.418701171875,1.2548828125,-0.094451904296875,0.5603216662564027,-1.9730224609375,1.99951171875,0.127789306640625,0.812706146182631,-92.06870229007633,219.206106870229,16.694783715012722,78.45199837534929,-250.13740458015266,250.12977099236642,-52.41870229007633,146.67898713361598,-249.44274809160305,250.09923664122138,11.1557251908397,114.67419817889322
-2.0,-0.4190673828125,-0.8969380696614583,0.25178768001373225,-1.99993896484375,1.5997314453125,-0.5313242594401042,0.9249616360804155,-1.71923828125,1.9998779296875,0.32978922526041665,1.109520194861458,-250.10687022900763,30.763358778625953,-116.2501272264631,127.22015638769724,-206.22137404580153,209.87022900763358,-16.366412213740457,70.04505585117991,-231.84732824427482,250.0763358778626,9.368575063613228,85.80477538664962
-2.0,1.0230712890625,-0.8776652018229166,0.916059874520608,-1.9998779296875,0.701904296875,-0.5136820475260416,0.6847766649391698,-1.730224609375,1.99951171875,0.172186279296875,0.6725423763355506,-236.6030534351145,250.04580152671755,-16.11539440203562,83.3724379665763,-250.13740458015266,250.12977099236642,29.988422391857508,113.64532946356927,-229.22137404580153,250.09923664122138,60.67137404580152,119.53942460579881
-0.9169921875,-0.8077392578125,-0.8839314778645834,0.03822809529540397,-0.2545166015625,0.2156982421875,-0.08836873372395833,0.20449206227832828,-0.059326171875,0.3319091796875,0.078472900390625,0.1682282824508989,-33.43511450381679,2.854961832061069,-3.6385496183206114,7.8916236842022,-12.625954198473282,-1.6564885496183206,-3.6413486005089055,2.0739149558040535,-3.015267175572519,14.473282442748092,0.51323155216285,3.8994353423368877
-2.0,1.0765380859375,-0.9956624348958333,1.0084662122197467,-1.9998779296875,0.67578125,-0.674578857421875,0.5748072440029808,-1.924560546875,1.99951171875,0.3835673014322917,1.0194871033162105,-199.08396946564886,250.04580152671755,33.48295165394403,114.77412161040193,-250.13740458015266,250.12977099236642,-6.481552162849869,166.3901258236562,-190.9770992366412,250.09923664122138,75.46157760814246,118.44721829846324
-0.9034423828125,0.8143310546875,-0.22098185221354166,0.7244943697485865,-1.323974609375,0.2158203125,-0.4523396809895833,0.36806911508777435,-0.444091796875,0.346435546875,0.032179768880208334,0.17034688635916842,-99.16030534351145,84.93129770992367,4.328880407124681,30.816540760394478,-25.30534351145038,87.69465648854961,6.687531806615777,20.47371858017573,-205.98473282442748,9.488549618320612,-25.44045801526717,53.72984691838454
-2.0,0.048583984375,-1.3623921712239584,0.5444768863482591,-1.9998779296875,-0.1302490234375,-0.705242919921875,0.5709541568491427,-1.91650390625,1.99951171875,0.4076080322265625,1.127016521821618,-201.03053435114504,250.04580152671755,8.975826972010179,105.70218746015851,-250.13740458015266,250.12977099236642,-17.96081424936386,182.07201570495775,-235.64885496183206,250.09923664122138,23.504961832061056,125.97085392198117
-0.912353515625,-0.892333984375,-0.9034261067708333,0.0039862168528955015,-0.3101806640625,-0.25244140625,-0.27633870442708336,0.015397736454069994,-0.0826416015625,-0.0347900390625,-0.05846354166666667,0.013991471900151322,-7.916030534351145,5.259541984732825,-0.588676844783715,2.9513274508499228,-3.9923664122137406,-1.7786259541984732,-2.7557251908396934,0.5964341411046523,-2.2977099236641223,2.1908396946564888,-0.6464376590330789,0.8934327095391178
-2.0,0.924072265625,-0.852593994140625,0.9395092788875488,-1.99993896484375,1.526123046875,-0.5845815022786458,0.8865228625489985,-1.873779296875,1.99951171875,0.2643768310546875,1.208007147355658,-241.59541984732823,250.0381679389313,18.910050890585246,108.02356604926153,-250.13740458015266,250.12977099236642,18.737659033078877,93.51590840651004,-227.9618320610687,250.09923664122138,87.29223918575059,145.24745990684502
-1.0523681640625,-0.4969482421875,-0.715240478515625,0.1581893704587997,-0.8841552734375,0.0328369140625,-0.5760335286458333,0.20827701653338354,-0.4283447265625,0.8189697265625,0.06851806640625,0.21797925364017154,-173.68702290076337,129.54961832061068,0.6865139949109408,46.71677039604735,-114.41221374045801,212.10687022900763,-0.09465648854961775,59.244741904224846,-186.9236641221374,124.77862595419847,-2.169847328244276,58.05828473767474
-1.4552001953125,-0.79638671875,-0.8956156412760417,0.10035133866521778,-1.0286865234375,-0.05908203125,-0.4053853352864583,0.16796910679736318,-0.208740234375,0.2197265625,-0.04683634440104167,0.10262328620847784,-97.45038167938931,119.12977099236642,5.283333333333331,40.41204963095664,-70.19847328244275,56.67175572519084,-0.5315521628498725,21.16882333842033,-77.23664122137404,233.21374045801528,3.5838422391857496,46.14262668250281
-1.42626953125,0.0238037109375,-0.8570292154947917,0.17511412772031762,-1.99993896484375,1.103271484375,-0.3398996988932292,0.4098451900832887,-1.7177734375,1.9998779296875,0.05927734375,0.6828134139406655,-250.10687022900763,208.54198473282443,-58.77022900763359,119.17847093219575,-94.53435114503817,250.06870229007635,24.43498727735369,83.03911771028235,-196.90076335877862,157.2824427480916,-12.657379134860056,50.96089152849042
-2.0,0.906494140625,-1.003839111328125,0.5033843538040053,-1.99993896484375,1.7491455078125,-0.4184804280598958,0.8264103300202422,-1.0401611328125,1.9998779296875,0.0012522379557291666,0.5364235502478979,-250.10687022900763,231.73282442748092,-45.20547073791348,115.88482525687245,-170.54961832061068,249.03053435114504,12.614631043257,64.0988055021709,-220.81679389312978,250.08396946564886,48.87938931297708,119.31173880711113
-2.0,1.1434326171875,-1.0121419270833334,0.9073232178216835,-1.6927490234375,1.33984375,-0.08790283203125,0.6297469477915297,-1.75048828125,1.99951171875,0.54796142578125,1.1717123725786003,-163.73282442748092,250.0381679389313,3.219083969465651,80.80935503081103,-250.13740458015266,250.12977099236642,-13.21348600508903,209.59912181449525,-236.0763358778626,250.09923664122138,15.958905852417303,120.3049048001218
-2.0,0.5950927734375,-0.9018025716145833,0.7169830722290854,-1.1591796875,1.2618408203125,-0.23679606119791666,0.5061349063680578,-0.4588623046875,0.3846435546875,0.00343017578125,0.2072467063449372,-68.6030534351145,86.6030534351145,-0.9239185750636132,29.58082830848447,-50.38167938931298,61.35114503816794,6.140458015267176,22.738820092822912,-182.57251908396947,250.09923664122138,64.37455470737913,101.63929531863562
-2.0,0.3873291015625,-0.87354736328125,0.6854187094170419,-1.99993896484375,1.5367431640625,-0.2663340250651042,0.7665936770845737,-1.9010009765625,1.9998779296875,0.3445048014322917,1.0066246011321818,-250.10687022900763,225.00763358778627,-22.594147582697204,101.91698816898896,-194.70229007633588,250.06870229007635,64.55890585241731,121.48821621897801,-242.1908396946565,250.08396946564886,36.59910941475827,126.67997217757932
-1.29150390625,-0.56884765625,-0.8828877766927083,0.08902992611254014,-0.4830322265625,-0.166015625,-0.33843994140625,0.05448427146875121,-0.3489990234375,0.3658447265625,-0.04818115234375,0.09485844681860808,-32.12213740458015,44.64885496183206,-2.1671755725190844,13.847476434625543,-15.740458015267176,7.442748091603053,-4.032697201017812,3.758262575715096,-26.923664122137403,27.419847328244273,-1.582697201017812,6.619843954422639
-2.0,1.30615234375,-0.573895263671875,0.8808309456851159,-1.62939453125,0.8890380859375,-0.41890869140625,0.5357984570020654,-1.93212890625,1.99951171875,0.4748311360677083,1.1473713405867634,-226.42748091603053,213.45801526717557,-8.828244274809162,94.41946810154526,-250.13740458015266,250.12977099236642,-1.8587786259541672,149.2373783675519,-201.22137404580153,250.09923664122138,41.6615776081425,125.50961120443029
-2.0,0.440673828125,-0.8924458821614584,0.6156047525334762,-1.2864990234375,1.3963623046875,-0.29709269205729166,0.5033091359708537,-0.3734130859375,0.4813232421875,0.06134236653645833,0.2138850323606419,-29.114503816793892,73.67175572519083,7.9220101781170476,21.739778294581892,-49.961832061068705,67.12977099236642,7.260305343511452,20.531918925784975,-230.86259541984734,250.09923664122138,33.43498727735368,93.82368537133377
-2.0,0.580322265625,-0.5390970865885417,0.7546193703603951,-1.9998779296875,1.37109375,-0.5649312337239584,0.641052195631418,-0.8505859375,1.9998779296875,0.28193359375,0.6065243175542884,-207.82442748091603,137.24427480916032,-12.033587786259542,52.02497991645162,-214.5114503816794,250.06106870229007,-3.7089058524172978,83.52103960079413,-233.35114503816794,250.08396946564886,46.16259541984732,111.30179240374085
-2.0,1.025634765625,-0.10797932942708334,1.1094468625454073,-1.97802734375,0.536376953125,-0.6182332356770833,0.4775269680557143,-0.8582763671875,1.99945068359375,0.1213134765625,0.4556303472239072,-213.63358778625954,250.04580152671755,-2.862977099236643,79.32030018408811,-103.05343511450381,250.12977099236642,16.577353689567442,69.20895085058883,-184.55725190839695,250.09923664122138,61.02595419847328,111.88042589479049
-2.0,0.512451171875,-0.8431986490885417,0.687885691459792,-1.99993896484375,1.1663818359375,-0.6076639811197917,0.5992342304429438,-1.2642822265625,0.388916015625,-0.08340657552083333,0.31965000265016047,-75.58015267175573,165.93893129770993,10.583078880407124,39.87710006379252,-39.63358778625954,92.68702290076335,8.22251908396946,27.025834116170675,-240.31297709923663,250.08396946564886,35.07099236641222,97.80680673513925
-2.0,0.341552734375,-0.9964701334635416,0.5314399727056952,-1.6099853515625,0.300537109375,-0.41082356770833334,0.31150398051079004,-1.9078369140625,1.9998779296875,0.08826700846354167,0.700474938023543,-250.09923664122138,168.48091603053436,-1.7153944020356247,67.0362707501973,-239.3053435114504,250.06870229007635,45.01475826972008,109.75810459155498,-117.58015267175573,132.9236641221374,-1.993002544529262,43.368377116602694
-2.0,1.267822265625,-0.9647176106770833,0.9315179794772919,-1.9998779296875,1.1148681640625,-0.12129313151041667,0.6134298898569865,-1.6563720703125,1.99951171875,0.458892822265625,1.0419016631158364,-132.54198473282443,250.0381679389313,6.9618320610687014,81.12747157781409,-250.13740458015266,250.12977099236642,-3.030534351145022,196.38914975107147,-236.04580152671755,250.09923664122138,22.087022900763365,119.73321658182525
-2.0,0.4825439453125,-0.884246826171875,0.7035276085109717,-1.99993896484375,1.568359375,-0.5346588134765625,0.619137842937155,-0.86669921875,0.5985107421875,-0.09467569986979167,0.3427609034541257,-47.44274809160305,175.38167938931298,14.417557251908393,37.047401376487485,-61.656488549618324,100.78625954198473,10.90725190839694,32.3434428143439,-246.1145038167939,250.08396946564886,23.35178117048347,107.16848460490162
-2.0,1.788818359375,-0.6177591959635417,0.765777024704061,-1.99993896484375,1.7060546875,-0.37556660970052086,0.6993887390169398,-1.7972412109375,1.99981689453125,-0.14322306315104166,0.7089781533457937,-250.10687022900763,209.49618320610688,-20.231806615776062,133.3168419479567,-165.54961832061068,212.1679389312977,5.010305343511453,86.97884767961699,-245.64885496183206,250.08396946564886,0.6814249363867653,113.31016242842821
-2.0,1.99993896484375,-0.6167836507161458,0.7882677043002458,-1.99993896484375,1.646728515625,-0.33462626139322915,0.6793773454118981,-1.847900390625,1.9998779296875,-0.12464803059895833,0.7920828299739724,-250.10687022900763,204.61832061068702,-20.093256997455462,135.0184008900841,-167.12977099236642,250.06106870229007,17.118702290076342,102.1547988198734,-211.23664122137404,250.0763358778626,2.726717557251911,109.95259809717929
-2.0,0.039306640625,-1.2633626302083334,0.615906684404302,-1.9998779296875,0.6207275390625,-0.5939107259114583,0.5313570648216557,-1.84375,1.99951171875,0.05947672526041667,1.0803733572931327,-229.61832061068702,250.04580152671755,51.05839694656486,110.92056766391998,-250.13740458015266,250.12977099236642,-11.267684478371503,174.90504851365716,-240.44274809160305,250.09923664122138,45.76882951653945,120.41951279903901
-2.0,0.508544921875,-1.1719991048177083,0.6932830690212596,-1.9998779296875,1.5999755859375,-0.5738301595052083,0.8683339867002885,-1.6334228515625,1.9998779296875,-0.07544352213541666,0.9382380064489715,-155.85496183206106,140.27480916030535,18.878371501272266,62.92168571491693,-249.58778625954199,250.06870229007635,46.692239185750644,150.80885872494756,-245.793893129771,250.08396946564886,89.11781170483462,140.72185684165166
-2.0,0.56103515625,-0.5504903157552083,0.7293465862957882,-1.99993896484375,1.4317626953125,-0.5068288167317708,0.6630222172618473,-1.9622802734375,1.99951171875,0.0641998291015625,1.1566331119280897,-226.22137404580153,250.0381679389313,-18.538422391857498,121.85189237299927,-250.13740458015266,250.12977099236642,-5.33346055979642,143.66827645246437,-209.38167938931298,250.09923664122138,31.9002544529262,123.16556501081912
-2.0,0.8646240234375,-1.038494873046875,0.7506920768049434,-1.9998779296875,1.192626953125,-0.7157023111979167,0.7240387930618007,-1.761962890625,1.9998779296875,-0.308154296875,0.8745203074931763,-136.95419847328245,155.21374045801528,14.082315521628496,65.6601093280475,-218.95419847328245,250.06870229007635,46.1643765903308,147.8172338467062,-206.65648854961833,250.08396946564886,82.84185750636134,143.9631057385384
-2.0,-0.8782958984375,-1.1771809895833334,0.4024462011349833,-1.9998779296875,0.45654296875,-0.4720560709635417,0.5031174188252484,-0.45263671875,1.3814697265625,0.09408365885416667,0.4014856440597126,-250.10687022900763,229.78625954198472,14.311068702290077,116.30533670624038,-245.95419847328245,250.06870229007635,32.79236641221374,110.79041509603475,-232.51908396946564,250.08396946564886,40.62442748091605,113.36267403511167
-1.253173828125,-0.5250244140625,-0.9172281901041667,0.10315324925082481,-0.74755859375,-0.0250244140625,-0.230926513671875,0.1270900711338258,0.08642578125,0.463623046875,0.18137613932291666,0.08642475892602944,-41.97709923664122,55.778625954198475,-0.4795165394402039,17.97102908466008,-14.458015267175572,49.55725190839695,7.196055979643765,13.592986054547184,-52.43511450381679,47.38931297709924,1.2991094147582694,19.27357785704287
-2.0,0.5543212890625,-0.8894388834635417,0.7879856188594462,-1.5355224609375,0.7037353515625,-0.206146240234375,0.42577520767181143,-1.5877685546875,1.9998779296875,0.1143707275390625,0.8361459843863895,-172.04580152671755,234.54198473282443,8.17073791348599,89.39359404313393,-226.55725190839695,250.06870229007635,88.03078880407124,132.27469108173202,-246.00763358778627,250.08396946564886,-20.363867684478365,98.41805417755181
-2.0,1.99993896484375,-0.644537353515625,0.7779131546682085,-1.99993896484375,1.7156982421875,-0.4228515625,0.7318180745431332,-1.7757568359375,1.99981689453125,-0.14237467447916666,0.7160572470473414,-250.10687022900763,240.10687022900763,-22.75356234096692,134.0926549208675,-218.3587786259542,250.06106870229007,10.090585241730276,86.2195627582198,-238.49618320610688,250.08396946564886,21.21806615776081,121.82860039625274
-2.0,0.220947265625,-1.1989298502604167,0.6939603872888489,-1.9998779296875,0.560546875,-0.6087137858072916,0.5704333964788189,-1.6849365234375,1.99951171875,-0.021040852864583334,1.0144751454171341,-242.0916030534351,250.04580152671755,40.716921119592875,110.49047030569064,-250.13740458015266,250.12977099236642,-18.325190839694653,184.3325754211151,-248.4351145038168,250.09923664122138,44.51870229007635,116.14826893485473
-2.0,0.5946044921875,-0.6372212727864583,0.7694734195671491,-1.9998779296875,1.5062255859375,-0.550335693359375,0.6379934186674417,-1.4775390625,1.9998779296875,0.21391194661458332,0.6684328800094484,-116.12213740458016,196.24427480916032,-1.9524173027989804,54.61388535428666,-225.16030534351145,250.06106870229007,-1.4174300254452963,87.90077049356147,-153.48091603053436,250.08396946564886,49.518575063613234,104.52953707277833
-2.0,0.7325439453125,-0.7701314290364584,0.8517034180900951,-1.3209228515625,0.4488525390625,-0.2016357421875,0.31457730467798717,-1.796875,1.9998779296875,0.0975372314453125,0.8252778475732643,-174.36641221374046,212.66412213740458,5.237277353689563,81.88163556711754,-201.89312977099237,250.06870229007635,90.13740458015268,136.90414412378595,-211.70992366412213,179.9618320610687,-21.869211195928752,85.03366228231481
-2.0,-0.799560546875,-1.3062784830729166,0.469247014068575,-1.9998779296875,1.85107421875,-0.2632853190104167,0.6862360838231162,-0.5947265625,1.619140625,0.22396647135416667,0.45191280405174883,-112.55725190839695,250.0381679389313,60.93486005089055,118.7913180196682,-250.13740458015266,250.12977099236642,-2.6501272264631006,117.99963111156514,-227.40458015267177,250.09923664122138,30.985877862595427,120.73236233306208
-2.0,-0.869140625,-1.21175537109375,0.45501264263494434,-1.9998779296875,0.3973388671875,-0.40823567708333336,0.513279794594274,-1.1917724609375,1.9354248046875,0.027911376953125,0.5812625118677104,-250.10687022900763,241.54198473282443,-2.783460559796432,120.13705345843147,-217.05343511450383,250.06870229007635,36.81005089058524,110.58625972071063,-193.49618320610688,250.08396946564886,39.22748091603052,108.85365017427692
-2.0,-0.85693359375,-1.153289794921875,0.4537441229001033,-1.99993896484375,1.5220947265625,-0.3512807210286458,0.707549336859889,-1.595703125,1.9998779296875,0.170849609375,0.7304270173059934,-250.10687022900763,183.7175572519084,-31.729134860050884,104.23314641413151,-204.29770992366412,250.06870229007635,29.23040712468193,96.71132381544972,-207.5267175572519,250.08396946564886,28.099618320610702,100.08413489639388
-2.0,-0.23828125,-1.1445170084635417,0.48048935223079076,-1.70068359375,0.9093017578125,-0.20750935872395834,0.5069282762764135,-0.154541015625,1.7786865234375,0.23978474934895833,0.40092385224494825,-69.50381679389314,250.0381679389313,78.46348600508908,113.3087374489491,-250.13740458015266,250.12977099236642,1.6520356234096707,118.22723009552628,-248.46564885496184,250.09923664122138,20.680916030534352,123.53161504135632
-2.0,0.3280029296875,-0.9701639811197916,0.5344214152252981,-1.9998779296875,0.047607421875,-0.36595255533854165,0.4520783155286043,-0.4029541015625,0.89208984375,0.03854777018229167,0.2983052836252315,-250.10687022900763,247.4732824427481,56.33129770992365,102.99762766972553,-238.23664122137404,250.06870229007635,-2.316284987277357,108.54934977687519,-222.93893129770993,250.08396946564886,43.81068702290078,115.362941222964
-2.0,0.0721435546875,-0.9452046712239583,0.5249197100176233,-1.33447265625,0.222900390625,-0.28538614908854165,0.3205184157099622,-0.437255859375,0.8819580078125,0.23982950846354167,0.32092791341524246,-67.07633587786259,250.0381679389313,60.202417302798985,86.40792694153701,-238.05343511450383,229.10687022900763,-4.875063613231547,122.6128776828931,-231.4885496183206,250.09923664122138,25.539567430025453,104.92344401567767
-2.0,1.2615966796875,-1.0229715983072916,0.8455767297206848,-1.9998779296875,1.5634765625,-0.14227091471354167,0.6764637318850182,-1.584228515625,1.99951171875,0.5003245035807292,1.1574371480472057,-142.59541984732823,250.0381679389313,11.024173027989809,83.4755446733857,-250.13740458015266,250.12977099236642,-14.722646310432545,204.52284721520886,-221.96946564885496,250.09923664122138,17.503435114503816,128.09028185675726
-2.0,0.683349609375,-0.4970011393229167,0.9381616979161516,-1.9998779296875,1.7186279296875,-0.49200032552083334,0.6359416635977205,-0.7491455078125,1.9998779296875,0.30959879557291664,0.6409660392423948,-250.09923664122138,82.63358778625954,-12.942366412213746,50.820865158098364,-189.4198473282443,250.06106870229007,-6.278371501272264,81.74895497999323,-58.01526717557252,250.08396946564886,57.283842239185766,105.8077588709776
-2.0,0.97900390625,-0.9917399088541666,0.8976152683596169,-1.4364013671875,1.2171630859375,-0.09166056315104167,0.5274499445462764,-1.886962890625,1.99951171875,0.547479248046875,1.0863013945527307,-176.53435114503816,250.04580152671755,15.136386768447826,93.639598742464,-250.13740458015266,250.12977099236642,-16.901272264631025,208.8079337986721,-244.4351145038168,250.0916030534351,7.232315521628496,120.48771400723373
-2.0,1.4935302734375,-0.5968729654947916,0.94973202746272,-1.65283203125,0.972412109375,-0.21097208658854166,0.4553094128057023,-1.8131103515625,1.9998779296875,0.3101725260416667,0.6422842456784704,-123.72519083969466,193.90076335877862,-5.465521628498723,78.2016031566533,-228.70229007633588,250.06870229007635,75.62786259541983,123.74570955126607,-180.40458015267177,250.0763358778626,-7.292748091603055,73.5944976995863
-2.0,-0.11572265625,-1.0968343098958333,0.4664727195213135,-1.308349609375,0.5478515625,-0.23884073893229166,0.4120868951543199,-0.4481201171875,1.185546875,0.24428304036458334,0.37680295753337756,-54.221374045801525,250.0381679389313,83.24033078880407,108.33447822229219,-250.13740458015266,250.12977099236642,-2.0829516539440145,120.69664798239774,-241.8091603053435,250.09923664122138,20.352544529262094,121.22552834930217
-2.0,-0.908203125,-1.2375040690104167,0.4814532820085849,-1.9998779296875,0.8883056640625,-0.34881795247395836,0.634067619932214,-1.52880859375,1.807861328125,-0.012095133463541666,0.59900563800423,-250.10687022900763,226.206106870229,-20.214503816793872,114.97242625547403,-213.91603053435114,250.06870229007635,38.532442748091604,103.21520689295018,-224.0381679389313,250.08396946564886,30.35012722646312,106.78544557074684
-0.1334228515625,0.86328125,0.5136210123697916,0.24782687135440085,-1.602783203125,0.2266845703125,-0.5947672526041666,0.34960229504860924,-1.6195068359375,0.8253173828125,-0.32327677408854166,0.631541626950151,-250.09923664122138,205.50381679389312,7.402798982188301,79.42509077129235,-239.3969465648855,203.4351145038168,9.663613231552159,80.76029606314093,-154.3206106870229,206.50381679389312,6.171119592875311,70.47775153499813
-0.276123046875,0.131103515625,-0.020900472005208334,0.07318206592553492,-0.4588623046875,-0.060302734375,-0.22949015299479167,0.08610090491162109,0.638427734375,1.3218994140625,0.9608317057291667,0.10284008571119772,-27.14503816793893,30.30534351145038,-1.5812977099236625,13.370643369807302,-117.62595419847328,29.519083969465647,-3.323409669211195,24.572822400928818,-43.20610687022901,46.12213740458015,2.5246819338422393,20.954576690407997
-0.8486328125,0.1092529296875,-0.23438924153645832,0.20512645000175733,-0.38623046875,0.430419921875,-0.025703938802083333,0.17744379468948376,0.2489013671875,1.032470703125,0.8360758463541667,0.12535254916199398,-76.45038167938931,123.01526717557252,-5.501653944020356,41.261538276416346,-171.44274809160305,72.46564885496183,-13.000127226463109,38.32020677566806,-66.13740458015268,139.9083969465649,22.740458015267162,42.844674315498104
-1.0594482421875,0.46044921875,-0.721685791015625,0.4278532924843536,-0.524169921875,-0.0208740234375,-0.23032023111979166,0.09235112434622858,0.113037109375,1.99945068359375,0.40806172688802084,0.407492121595297,-126.22137404580153,21.916030534351144,-15.299618320610687,29.191075473128997,-47.50381679389313,180.22137404580153,29.128625954198466,53.367816849972634,-20.778625954198475,69.27480916030534,15.218320610687032,22.8998583165278
-2.0,0.004638671875,-1.1292724609375,0.5201544302488492,-1.99993896484375,1.97998046875,-0.33627217610677085,0.6838940550081939,-1.49267578125,1.99981689453125,-0.11021830240885416,0.5532799795387394,-250.09923664122138,111.74045801526718,-14.66641221374045,69.56641697295953,-244.61068702290078,250.06870229007635,40.66513994910942,117.97631779655806,-145.29770992366412,250.08396946564886,59.03893129770994,127.15436800732228
-2.0,0.19677734375,-0.9291483561197916,0.662853598497294,-1.9097900390625,1.745849609375,-0.088909912109375,0.6748413787925676,-1.87890625,1.9998779296875,0.3045298258463542,1.0064994062139017,-250.10687022900763,217.54198473282443,-22.545674300254447,94.61191879813663,-159.0381679389313,250.06870229007635,72.3839694656489,125.4647067268991,-248.74045801526717,250.08396946564886,34.8762086513995,126.9705737765472
-2.0,0.9141845703125,-0.6009867350260417,0.8386815255571849,-1.24462890625,1.97412109375,-0.35139363606770835,0.6670585732354155,-0.4207763671875,0.3887939453125,0.048516845703125,0.17989104432571112,-80.56488549618321,118.51908396946565,6.287277353689566,41.761254154759904,-40.656488549618324,94.50381679389314,8.611450381679388,19.726811448458967,-229.0916030534351,250.09923664122138,51.6966921119593,97.44673625887077
-2.0,0.3218994140625,-0.7000813802083333,0.620265354111338,-1.626953125,1.9417724609375,0.029864501953125,0.6481032589276505,-1.962158203125,1.9998779296875,0.015830485026041667,0.9842661145543882,-250.10687022900763,238.98473282442748,-15.494402035623406,90.35018993682253,-242.90076335877862,250.06870229007635,52.9852417302799,137.4894253929709,-235.41221374045801,250.08396946564886,35.36615776081422,123.73093968501595
-2.0,0.5389404296875,-0.9083902994791667,0.6949250420723697,-1.99993896484375,1.294921875,-0.2846038818359375,0.6000517832684146,-0.603515625,0.636962890625,-0.0033772786458333335,0.2736025163759711,-92.09160305343511,120.87022900763358,6.097455470737913,40.753112898441636,-28.908396946564885,55.17557251908397,8.493511450381678,17.96886109130147,-215.54198473282443,250.09923664122138,56.63460559796439,97.92376603544832
-2.0,0.5284423828125,-0.6689778645833333,0.7362437073113912,-1.9998779296875,1.4814453125,-0.455047607421875,0.6187964803440594,-0.7431640625,1.9998779296875,0.3062255859375,0.6236993653167765,-250.10687022900763,169.51908396946564,-8.323409669211197,55.313004864342766,-225.4885496183206,250.06106870229007,0.03549618320610602,88.48462369975665,-188.27480916030535,250.08396946564886,54.60648854961832,107.46747249081047
-2.0,1.307861328125,-0.9893412272135417,1.014978295298363,-1.2816162109375,1.454345703125,-0.069439697265625,0.5268169114943841,-1.7080078125,1.99951171875,0.4840596516927083,1.1475030384486373,-204.3969465648855,250.0381679389313,2.8527989821882924,86.16103137905715,-250.13740458015266,250.12977099236642,-9.36119592875314,209.81529783448906,-195.4732824427481,250.0916030534351,18.081297709923664,110.44088301362085
-2.0,0.4554443359375,-0.7301127115885416,0.7058462456081348,-1.99993896484375,1.830322265625,-0.4647186279296875,0.535376371757267,-0.7789306640625,0.507080078125,0.026121012369791665,0.24611217058494778,-165.6259541984733,164.1145038167939,14.2381679389313,44.46827322354417,-79.53435114503817,111.1526717557252,7.6755725190839685,33.252549260589525,-236.12977099236642,250.08396946564886,26.724427480916027,97.97439000408572
-2.0,1.042724609375,-1.0063232421875,0.9345615943326526,-1.99993896484375,0.74951171875,-0.12735697428385417,0.5524145393573318,-1.7347412109375,1.99951171875,0.5097076416015625,1.0832274454211182,-206.25190839694656,250.04580152671755,-1.4811704834605566,101.9950614293466,-250.13740458015266,250.12977099236642,-19.764503816793855,200.80308185999485,-236.44274809160305,250.09923664122138,15.51335877862596,116.77675652396601
-2.0,0.5001220703125,-1.014111328125,0.7664628418072728,-1.9998779296875,-0.154296875,-0.6656229654947917,0.4172093245268976,-1.9879150390625,1.0458984375,-0.4515482584635417,0.798779702531329,-236.04580152671755,250.04580152671755,40.95903307888042,114.30247670427086,-250.13740458015266,250.12977099236642,-6.06972010178117,172.7515860506243,-245.48091603053436,250.09923664122138,37.18447837150128,106.63182067248687
-2.0,0.705078125,-0.483770751953125,0.8167435802206686,-1.99993896484375,0.5947265625,-0.35694681803385414,0.5594389990526097,-1.6767578125,1.99951171875,0.32139485677083335,1.1976790843678866,-236.89312977099237,250.04580152671755,8.775190839694655,111.49163647860115,-250.13740458015266,250.12977099236642,-14.078880407124645,154.6041376213847,-227.18320610687022,250.0916030534351,6.025699745547077,125.36415455588053
-2.0,0.408447265625,-0.793115234375,0.6699219966963152,-1.9998779296875,1.6654052734375,-0.07217610677083333,0.7593664825991311,-1.9173583984375,1.9998779296875,0.17918802897135416,0.9957481975644228,-250.10687022900763,242.55725190839695,-2.457379134860043,95.14787344412592,-246.50381679389312,250.06870229007635,66.44554707379132,130.37288567237016,-216.83969465648855,250.08396946564886,49.44745547073792,122.02018870848427
-2.0,0.594970703125,-1.0574462890625,0.7747852744925005,-1.9998779296875,0.1097412109375,-0.570465087890625,0.427909791854832,-1.614013671875,1.99951171875,-0.25218098958333335,0.6994160918167937,-236.38167938931298,250.04580152671755,32.66781170483461,117.09588135603627,-250.13740458015266,250.12977099236642,-3.602290076335865,167.89784481175118,-238.16030534351145,250.09923664122138,36.482697201017814,98.5711009110182
-2.0,-0.64306640625,-1.1769978841145834,0.46085162567838056,-1.8258056640625,1.0977783203125,-0.2990234375,0.4551772420573002,-0.852294921875,1.4012451171875,0.024210611979166668,0.4647590341956404,-250.10687022900763,248.6030534351145,-4.231933842239185,130.71437114235334,-235.87022900763358,250.06870229007635,34.62926208651402,113.63010996606045,-214.87022900763358,250.0763358778626,18.62938931297712,112.81976161345648
-1.96875,1.4569091796875,-0.294970703125,0.8589704908139972,-1.9998779296875,1.1322021484375,-0.214288330078125,0.5926103614135981,-1.76318359375,1.387451171875,0.4571451822916667,0.6639385966832752,-217.87786259541986,250.04580152671755,37.8736641221374,116.33483721258378,-141.9618320610687,220.93893129770993,40.669211195928774,77.94521929948613,-240.13740458015266,250.09923664122138,22.223027989821883,105.03019965717408
-2.0,1.9691162109375,-0.6576334635416666,0.7660139899681683,-1.51416015625,1.926513671875,-0.21693929036458334,0.6174323413999818,-1.6102294921875,1.9998779296875,-0.03430379231770833,0.776582971943694,-250.10687022900763,214.1145038167939,-16.293893129771,124.35019341139942,-244.80152671755727,250.06106870229007,8.317048346055966,106.65050061414163,-185.8091603053435,250.08396946564886,12.305089058524171,103.51382395684155
-2.0,-0.592041015625,-1.205377197265625,0.43699328496093576,-1.9998779296875,0.9991455078125,-0.288330078125,0.5696188129167882,-1.0723876953125,1.52392578125,0.182977294921875,0.4054341594350972,-155.40458015267177,250.0381679389313,60.90203562340967,114.90834626666432,-249.12977099236642,250.12977099236642,-7.63396946564885,116.86335803093338,-228.93893129770993,250.09923664122138,36.356106870229006,116.89100171794016
-2.0,1.0101318359375,-0.9861287434895833,0.8738662360090804,-1.509765625,1.2359619140625,-0.11370646158854167,0.5521216488722006,-1.5654296875,1.99951171875,0.5414967854817708,1.0588322975014137,-171.10687022900763,250.0381679389313,3.396692111959297,95.11729677306741,-250.13740458015266,250.12977099236642,-18.62938931297707,200.5256639426643,-233.22137404580153,250.0916030534351,11.728880407124686,120.43927335599628
-2.0,1.2847900390625,-0.7344278971354167,0.8081130184490463,-1.9998779296875,1.1942138671875,-0.24652303059895833,0.6265814833946552,-1.9095458984375,1.9998779296875,0.07580362955729167,0.9388829039840468,-250.10687022900763,241.22137404580153,1.483715012722646,128.3171539477851,-248.61832061068702,250.06870229007635,71.65330788804071,151.83420164880184,-231.33587786259542,250.0763358778626,3.1751908396946606,124.00448298531833
-2.0,1.05126953125,-1.0058939615885416,0.8521900184482044,-1.99993896484375,1.277587890625,-0.17220560709635416,0.6482581114132262,-1.827880859375,1.99951171875,0.43209228515625,1.0506294444522515,-224.50381679389312,250.0381679389313,-10.943893129770991,107.82907379879205,-250.13740458015266,250.12977099236642,-26.934987277353663,197.67787063999933,-207.36641221374046,250.09923664122138,15.159541984732828,120.05273488201347
-2.0,1.2210693359375,-0.6573506673177083,0.8451789140330205,-1.4771728515625,1.233154296875,-0.2427001953125,0.5652617121522052,-1.73291015625,1.9998779296875,0.21731669108072918,0.8995088410335406,-250.10687022900763,194.91603053435114,-5.372773536895671,120.67485802667315,-213.61832061068702,250.06870229007635,64.53804071246819,171.32622301331438,-193.29770992366412,250.0763358778626,-20.556488549618326,130.20991455688184
-2.0,1.6649169921875,-0.742401123046875,0.9524944059502299,-1.6202392578125,0.9891357421875,-0.20010782877604166,0.6192086731474739,-1.367919921875,1.99951171875,0.47632954915364584,1.0397808040847565,-133.9618320610687,205.08396946564886,-11.397837150127229,86.05379680256739,-250.13740458015266,250.12977099236642,-30.134860050890563,200.82191991119058,-240.13740458015266,250.09923664122138,15.362977099236637,129.59787690861086
-2.0,1.1065673828125,-0.7382832845052083,0.8859799177418334,-1.6160888671875,1.0111083984375,-0.24444580078125,0.6261379028273194,-1.7220458984375,1.9998779296875,-0.049550374348958336,0.8961751005936727,-250.10687022900763,236.1908396946565,-23.593765903307883,131.23624118974973,-224.24427480916032,250.06870229007635,78.52811704834608,167.20592728227777,-249.54961832061068,250.0763358778626,-7.3798982188295135,145.66363408870632
-2.0,0.2874755859375,-0.921527099609375,0.5257331630097585,-1.2451171875,1.1260986328125,-0.18684488932291668,0.4091697788063657,-0.5177001953125,0.5452880859375,0.07745361328125,0.1931300822613463,-82.42748091603053,101.41984732824427,6.557760814249362,31.316415014086484,-91.38167938931298,88.09160305343511,7.83295165394402,25.796204479690868,-247.74045801526717,250.09923664122138,22.20737913486004,103.07748155276103
-2.0,0.5892333984375,-1.0352010091145833,0.4892792514402303,-1.9998779296875,1.6292724609375,-0.40810953776041664,0.7106051803757222,-1.2841796875,0.317138671875,-0.12262166341145833,0.31569334329170384,-142.40458015267177,143.85496183206106,5.918956743002545,61.988781579978216,-124.50381679389314,106.90076335877863,-4.649491094147583,43.182885239694244,-136.84732824427482,250.08396946564886,65.37442748091601,112.97992589667612
-2.0,0.3033447265625,-0.920550537109375,0.516219216393513,-1.7877197265625,1.8065185546875,-0.21454264322916666,0.5822273822461171,-0.705322265625,0.6474609375,0.07686767578125,0.24410645978420248,-67.87022900763358,110.85496183206106,10.192748091603052,30.525489645205106,-53.86259541984733,57.19083969465649,5.143002544529259,20.62400196062567,-189.5114503816794,250.09923664122138,31.434605597964378,88.02088390471458
-2.0,0.5975341796875,-1.0118509928385417,0.5195720930692322,-1.9998779296875,1.4835205078125,-0.3521199544270833,0.6752556579974791,-1.5308837890625,0.42236328125,-0.14142659505208333,0.374395555070432,-115.45801526717557,155.99236641221373,5.280788804071242,58.596873146061974,-115.55725190839695,154.15267175572518,-1.179643765903308,52.75003787957054,-122.79389312977099,250.08396946564886,68.52086513994911,102.14209943881949
-2.0,0.3450927734375,-0.8957377115885417,0.5400063608739104,-1.4522705078125,1.689208984375,-0.23193359375,0.5201394973665039,-0.5919189453125,0.69384765625,0.04538777669270833,0.23699822238507628,-86.33587786259542,104.58015267175573,10.097709923664125,34.157931477607384,-44.11450381679389,74.55725190839695,8.084351145038168,25.800598261239934,-217.61832061068702,250.09923664122138,29.64910941475828,90.9191099021563
-2.0,0.960205078125,-1.0498046875,0.5755035995999185,-1.9998779296875,1.5196533203125,-0.24175008138020834,0.6762852719195779,-1.68115234375,0.1971435546875,-0.17545166015625,0.3937666172254769,-139.3587786259542,126.12213740458016,8.485623409669211,57.19035739254239,-94.50381679389314,100.90839694656489,-1.5926208651399476,35.85928994528143,-171.9618320610687,250.08396946564886,60.57875318066157,117.54077744043312
-2.0,0.96630859375,-0.6978251139322916,0.7973722287482208,-1.42822265625,0.736572265625,-0.2791971842447917,0.5144345101363149,-1.9888916015625,1.99951171875,0.1275543212890625,1.1775221554674382,-248.8854961832061,177.5648854961832,-10.20852417302799,85.58520589713571,-250.13740458015266,250.12977099236642,4.756234096692122,150.04575373132533,-212.0381679389313,250.09923664122138,23.73396946564886,118.5594339550531
-2.0,0.132080078125,-0.9796061197916667,0.638952700916031,-1.3607177734375,1.0615234375,-0.36586100260416665,0.41988330492015713,-1.6365966796875,1.9998779296875,0.33087565104166666,0.8404622416374431,-250.10687022900763,229.12213740458014,-17.57773536895674,146.0874032595681,-214.9083969465649,250.06870229007635,33.82798982188293,144.73488417586995,-217.81679389312978,250.0763358778626,25.35763358778627,102.75507571137283
-2.0,0.89404296875,-0.6777547200520834,0.7569517089551872,-1.99993896484375,1.2933349609375,-0.2542449951171875,0.6245366373516364,-1.8011474609375,1.99951171875,0.2478179931640625,1.0965229797777496,-158.55725190839695,250.04580152671755,1.0884223918575064,78.2165010307019,-250.13740458015266,250.12977099236642,1.7337150127226335,149.25907276087503,-214.00763358778627,250.09923664122138,35.13282442748092,127.22374966684225
-2.0,0.0443115234375,-0.9210042317708333,0.6369830359669313,-1.6190185546875,1.1019287109375,-0.25662638346354166,0.5062664205385261,-1.9970703125,1.9998779296875,0.45274251302083335,0.9807453610148165,-250.10687022900763,228.7175572519084,-10.036895674300256,116.60310330502575,-211.06870229007635,250.06870229007635,38.9445292620865,143.39947253770117,-173.58778625954199,250.0763358778626,22.31005089058524,103.37991724924082
-2.0,1.0220947265625,-1.0174906412760416,0.7050860903780575,-1.99993896484375,1.4228515625,-0.37075703938802085,0.6183584267073308,-1.894287109375,1.99951171875,0.660235595703125,1.0276157031430753,-244.9236641221374,204.6412213740458,-15.693765903307883,90.73481533059177,-250.13740458015266,250.12977099236642,3.8753180661577646,149.38610301618283,-194.38931297709922,250.09923664122138,18.467048346055982,110.96469001341639
-2.0,-0.1300048828125,-1.1862447102864584,0.504240069582434,-1.9998779296875,1.6453857421875,-0.4712320963541667,0.6944194128397652,-1.8370361328125,1.9998779296875,0.5008046468098958,0.9962577884737741,-250.10687022900763,216.31297709923663,-37.82442748091603,117.75388122345143,-211.86259541984734,250.06870229007635,71.99821882951652,124.45128401385307,-214.21374045801528,250.0763358778626,7.068575063613229,104.23849489948886
-2.0,0.3128662109375,-1.166925048828125,0.6669553852348409,-1.9998779296875,-0.0240478515625,-0.6283121744791667,0.4904689097539091,-1.9234619140625,1.99951171875,0.070947265625,1.0425319203132632,-245.18320610687022,250.04580152671755,55.9996183206107,116.82222970550716,-250.13740458015266,250.12977099236642,-9.458015267175576,170.43828916369503,-201.93893129770993,250.09923664122138,55.58587786259543,106.19153213499084
-2.0,0.2225341796875,-1.1794698079427084,0.696956951449794,-1.9998779296875,0.8695068359375,-0.6080769856770833,0.7682074639618127,-1.9014892578125,1.9998779296875,-0.33746744791666666,0.9284149459879965,-219.54961832061068,221.1145038167939,2.242111959287537,98.00925871102467,-230.42748091603053,250.06870229007635,90.88435114503818,154.57488841158178,-245.63358778625954,250.08396946564886,86.52404580152668,159.56154488151094
-2.0,0.4371337890625,-1.0841939290364584,0.7641928522068956,-1.9998779296875,0.1011962890625,-0.6263142903645833,0.4479443071009509,-1.7510986328125,1.99951171875,0.21543986002604168,1.1169424323076678,-239.45038167938932,250.04580152671755,36.74223918575064,123.62745510118711,-250.13740458015266,250.12977099236642,7.9818066157760965,172.47658914707674,-179.70229007633588,250.09923664122138,68.89770992366412,117.27408039062425
-2.0,0.4117431640625,-1.087835693359375,0.7724574287209146,-1.9998779296875,0.2728271484375,-0.5812093098958333,0.5050565000418404,-1.7786865234375,1.99951171875,-0.10868326822916667,0.9766089465631694,-213.3053435114504,250.04580152671755,23.306106870228998,113.49912822617118,-250.13740458015266,250.12977099236642,25.453307888040726,160.55530974895703,-239.10687022900763,250.09923664122138,60.079643765903306,128.41146801691892
-2.0,0.204833984375,-1.3275431315104167,0.6354036721272297,-1.9998779296875,1.3875732421875,-0.57000732421875,0.8423696139671071,-1.8619384765625,1.9998779296875,0.010723876953125,1.0325290589886196,-223.6946564885496,247.38931297709922,10.673155216284995,105.2654330037941,-238.3053435114504,250.06870229007635,102.16717557251908,156.12570630274038,-217.8854961832061,250.08396946564886,93.20737913486003,152.52834318834496
-2.0,0.9893798828125,-0.617730712890625,0.970162253739181,-1.9998779296875,1.1494140625,-0.449432373046875,0.6002211917785374,-1.140869140625,1.99951171875,0.20042826334635416,0.6191676813155003,-231.9770992366412,117.42748091603053,-7.294402035623406,56.482866739469856,-250.13740458015266,250.12977099236642,0.7064885496183242,100.39039226608848,-43.74809160305343,250.09923664122138,44.78486005089057,98.59528499989699
-2.0,0.872802734375,-0.8199808756510417,0.7861042162772279,-1.9998779296875,1.514404296875,-0.34907633463541665,0.697916805938165,-1.385986328125,1.9998779296875,0.006121826171875,0.5487361148724164,-212.54198473282443,164.3740458015267,1.642366412213742,54.40595047028639,-231.24427480916032,250.06870229007635,5.64592875318066,74.36698648025933,-170.29007633587787,250.08396946564886,45.462849872773546,108.091944583095
-2.0,1.13916015625,-0.6097432454427083,0.9254552332189713,-1.9998779296875,0.35546875,-0.5204610188802083,0.4854249759004266,-1.906982421875,1.99951171875,0.09560750325520834,0.5872917825687622,-151.1145038167939,250.04580152671755,-1.230661577608142,71.48648353291611,-250.13740458015266,250.12977099236642,6.759414758269728,97.74304359162332,-50.11450381679389,250.09923664122138,55.76653944020355,103.05554666201355
-2.0,0.84423828125,-0.9164103190104167,0.7385866477060486,-1.9998779296875,1.2734375,-0.3158650716145833,0.703574094067447,-1.8787841796875,1.9998779296875,0.0202117919921875,0.6335293431604545,-133.2290076335878,189.91603053435114,-4.633078880407126,47.65610364014813,-225.03053435114504,250.06870229007635,4.829898218829519,86.54051916431646,-79.33587786259542,250.08396946564886,50.916921119592885,107.62748878232641
-1.6484375,1.572509765625,-0.25362752278645834,0.8152784586421289,-1.9998779296875,0.7432861328125,-0.30047810872395836,0.6078717912972854,-1.7547607421875,1.99951171875,0.3037312825520833,0.7262136701187397,-245.61068702290078,250.04580152671755,43.878880407124676,121.94747721106711,-146.68702290076337,250.12977099236642,18.27111959287532,78.79131087679,-198.54961832061068,250.09923664122138,31.664631043256996,110.27745438228663
-2.0,1.99993896484375,-0.6820597330729167,0.8703231128439481,-1.6907958984375,0.5833740234375,-0.26519368489583334,0.37654455473817905,-1.3084716796875,1.5740966796875,0.14007975260416666,0.43200870905287936,-250.10687022900763,165.51908396946564,-22.20648854961831,89.53691244443633,-124.32824427480917,250.06106870229007,16.65381679389312,70.45748006908443,-138.74045801526717,250.0763358778626,21.34605597964376,79.7201095229417
-2.0,1.90087890625,-0.310943603515625,0.9129322290507538,-1.5703125,0.711669921875,-0.23861897786458333,0.5364868555139211,-1.5218505859375,1.999755859375,0.3653940836588542,0.7018608932932379,-245.00763358778627,250.04580152671755,14.203435114503813,130.90877221078406,-137.42748091603053,250.12977099236642,29.70419847328244,78.05263592460688,-235.72519083969465,250.09923664122138,22.2941475826972,103.26844026549561
-2.0,1.99993896484375,-0.8179850260416667,0.9032806601297293,-1.239501953125,0.89892578125,-0.16855265299479166,0.4292053892407604,-1.4658203125,1.99981689453125,0.1398101806640625,0.6257754138452694,-250.10687022900763,206.83969465648855,-26.743129770992365,119.55544016992891,-235.6412213740458,250.06870229007635,23.144020356234098,102.60867337282724,-155.68702290076337,250.08396946564886,16.77302798982188,91.55156929522262
-1.9892578125,1.74072265625,-0.3185038248697917,0.9727928877589465,-1.92578125,1.0233154296875,-0.28309529622395835,0.6078360670338808,-1.4344482421875,1.99951171875,0.39643758138020835,0.6383269615826874,-166.3206106870229,250.04580152671755,21.73384223918574,127.49047857841596,-134.22137404580153,250.12977099236642,33.437277353689566,87.25241970209024,-249.85496183206106,250.09923664122138,18.498854961832066,120.12904970633352
-2.0,1.99993896484375,-0.764556884765625,0.9350820085099331,-1.9998779296875,1.0234375,-0.204339599609375,0.44811312220793853,-0.9761962890625,1.76025390625,0.22678426106770833,0.5410238843140079,-250.10687022900763,246.24427480916032,-49.61361323155215,119.99423382360118,-224.72519083969465,250.06870229007635,24.74274809160306,100.51121247497204,-154.50381679389312,250.08396946564886,16.58129770992365,92.39291592800778
-2.0,-0.314453125,-1.107330322265625,0.39644739687707187,-1.0728759765625,0.2626953125,-0.2738728841145833,0.30129562835099566,-0.605712890625,0.958740234375,0.16805013020833334,0.34270783122465787,-99.80152671755725,250.0381679389313,59.35941475826971,98.38552070673221,-250.13740458015266,219.03053435114504,-8.563104325699758,131.3620577451328,-241.5267175572519,250.0916030534351,14.40267175572519,107.95853781295847
-2.0,-0.299072265625,-1.1387715657552084,0.5019288799625516,-1.99993896484375,1.492919921875,-0.15892435709635416,0.48001897941990057,-0.5474853515625,1.3187255859375,0.121893310546875,0.3351294576588339,-250.10687022900763,234.00763358778627,-9.914376590330793,128.84947018050494,-246.42748091603053,250.06870229007635,33.69173027989822,118.41166910926137,-224.68702290076337,250.08396946564886,49.62493638676846,124.41868420260866
-2.0,-0.90478515625,-1.1897542317708334,0.3627511462278338,-1.3157958984375,0.6063232421875,-0.08017374674479166,0.35559069288585465,-0.20166015625,0.9981689453125,0.15136922200520833,0.3373838327517673,-101.81679389312977,250.0381679389313,48.278244274809175,89.98480782676809,-250.13740458015266,250.12977099236642,2.866030534351141,123.8444609059562,-124.99236641221374,250.0916030534351,28.793002544529262,98.4980357267144
-2.0,-0.2593994140625,-1.1239359537760416,0.540036611927242,-1.99993896484375,0.8145751953125,-0.16605122884114584,0.42774271084738674,-0.9854736328125,1.3277587890625,0.10797932942708334,0.43357964742880806,-250.10687022900763,242.98473282442748,-15.68218829516539,154.9765301662755,-202.08396946564886,250.06870229007635,44.74211195928751,117.91108587848916,-216.3969465648855,250.08396946564886,56.224173027989806,122.88925594360518
-2.0,-0.855224609375,-1.2374532063802084,0.427020562430764,-1.159423828125,1.001708984375,-0.1030029296875,0.3989621146521555,-0.36181640625,0.7298583984375,0.0019938151041666665,0.28772855642218087,-105.54198473282443,250.0381679389313,57.78078880407126,95.2649978010171,-250.13740458015266,250.12977099236642,-8.124554707379136,127.61835054172013,-144.90076335877862,250.0916030534351,24.587531806615768,96.81461533886768
-2.0,-0.355712890625,-1.180242919921875,0.5241805367401831,-1.6219482421875,1.1953125,-0.18827311197916666,0.5121138994059085,-0.5589599609375,1.6566162109375,0.18838297526041667,0.434599306641556,-250.10687022900763,237.33587786259542,-23.575572519083963,146.84387745224257,-234.08396946564886,250.06870229007635,49.09033078880407,116.2767093038193,-248.5114503816794,250.08396946564886,69.76145038167942,131.35673448160478
-2.0,1.0391845703125,-1.0018880208333334,0.8540851141641902,-1.73046875,1.9764404296875,-0.11271565755208333,0.6836250076228961,-1.8687744140625,1.99951171875,0.3003163655598958,1.0625314996127462,-179.53435114503816,250.0381679389313,-4.706234096692113,85.3686822548013,-250.13740458015266,250.12977099236642,-16.325572519083938,192.0005418455782,-224.6030534351145,250.0916030534351,3.126717557251922,119.97250321924966
-2.0,1.2403564453125,-0.08065185546875,1.06522813747408,-1.9998779296875,1.9295654296875,-0.1835693359375,0.7419271820109022,-1.9100341796875,1.9998779296875,0.2349517822265625,0.90756072709631,-250.10687022900763,237.41221374045801,5.823027989821882,94.62349210874078,-235.99236641221373,250.06870229007635,81.24262086513997,150.30266281887103,-245.77862595419847,250.08396946564886,1.1910941475827,137.36692978344573
-2.0,1.14208984375,-0.18256429036458333,1.0477294834773232,-1.99993896484375,1.845458984375,-0.3202178955078125,0.8282508397220568,-1.49658203125,1.99981689453125,0.417059326171875,0.7877861117995594,-250.09923664122138,244.25190839694656,-11.448854961832064,129.07034844287543,-237.85496183206106,250.06870229007635,62.18969465648854,152.4724107793771,-150.93893129770993,250.08396946564886,35.059923664122145,103.9588697162873
-0.0074462890625,0.821044921875,0.3345540364583333,0.16995267318296736,-1.2230224609375,1.749267578125,-0.30874837239583336,0.5464271489042868,-1.7271728515625,1.9998779296875,-0.15648396809895834,0.9456945391645775,-250.10687022900763,213.04580152671755,-66.57353689567431,128.148133730634,-130.6946564885496,221.63358778625954,-1.7171755725190836,61.61072209660638,-72.6030534351145,136.1679389312977,-21.879007633587786,42.778263681278965
-1.999755859375,0.7535400390625,-0.854583740234375,0.7686778973241554,-1.99920654296875,0.79351806640625,-0.7038859049479167,0.7617194578545198,-1.9993896484375,0.6214599609375,-0.49264729817708336,0.7748771551240365,-121.86259541984732,153.22137404580153,-0.36870229007633765,71.99840315355463,-250.13740458015266,202.75572519083968,-64.14414758269722,142.190639070823,-246.93893129770993,250.10687022900763,85.43689567430029,149.59402696568011
-1.07757568359375,1.99981689453125,-0.42533772786458335,0.976293883403411,-1.7530517578125,1.99908447265625,-0.28422648111979165,0.6846758979675308,-0.81201171875,0.7396240234375,0.050555419921875,0.30259907032154093,-51.16030534351145,126.09923664122137,11.013104325699741,35.70524997947777,-31.412213740458014,84.64885496183206,11.409160305343521,22.959731782088944,-239.51908396946564,250.1145038167939,32.92111959287532,99.64341872870942
-1.32183837890625,0.36236572265625,-0.24135945638020834,0.31532983747690535,-1.1834716796875,-0.194091796875,-0.8724446614583333,0.20281975011578843,-0.0723876953125,1.9105224609375,0.354119873046875,0.3404690470046491,-154.54961832061068,111.5114503816794,-20.33791348600509,43.94293672047618,-250.12213740458014,62.10687022900763,-10.201908396946562,68.55495899349592,-113.95419847328245,240.3969465648855,17.608778625954194,57.03024914230949
-1.970703125,1.9993896484375,-0.18010457356770834,1.131924634378208,-1.75494384765625,1.22003173828125,-0.14782511393229167,0.4666685754873803,-1.9993896484375,1.35516357421875,-0.21032002766927083,0.6320867031176007,-246.93893129770993,250.06106870229007,36.02849872773538,124.20083118379475,-245.5267175572519,250.0916030534351,76.60432569974556,149.0507651310023,-224.68702290076337,250.10687022900763,22.067938931297718,131.08777770302046
-1.764892578125,1.9993896484375,-0.31149698893229166,1.1700894652664267,-1.99951171875,1.53094482421875,-0.11302388509114583,0.4860597269456262,-1.9993896484375,1.25677490234375,-0.08891499837239583,0.6078601403555541,-226.86259541984734,250.06106870229007,13.927099236641213,112.86636306172511,-194.45801526717557,250.0916030534351,25.775063613231563,108.71846129706827,-224.38167938931298,250.10687022900763,0.741221374045801,65.88333267945414
-1.95782470703125,1.99981689453125,-0.27724609375,1.0217491063751707,-1.3865966796875,1.9991455078125,-0.13716023763020832,0.6606275873071248,-1.2938232421875,1.823974609375,0.46444091796875,0.5820020054081183,-218.3969465648855,250.0381679389313,22.906234096692103,123.8194803534946,-250.12977099236642,193.4885496183206,10.120229007633588,91.15638311957721,-224.13740458015266,250.1145038167939,34.48905852417302,104.52975015685166
-1.964599609375,1.9993896484375,-0.2164337158203125,1.1763062299608698,-1.99951171875,1.26568603515625,-0.1874542236328125,0.46956267097561843,-1.99932861328125,1.61187744140625,-0.027431233723958334,0.756896200423738,-216.42748091603053,250.06106870229007,4.879898218829523,122.1370291660897,-215.9236641221374,250.0916030534351,51.852035623409655,119.03331962668129,-237.61068702290078,250.10687022900763,9.888040712468193,123.0339650091248
-1.93072509765625,1.99981689453125,0.13558553059895834,1.2801340870805762,-1.921630859375,1.9991455078125,-0.451800537109375,0.6927494964153663,-1.9993896484375,1.295654296875,-0.6140706380208333,0.9558918518756804,-210.70992366412213,250.0381679389313,40.63117048346055,116.20938219110523,-250.12977099236642,233.3587786259542,-102.4825699745547,136.07147436161142,-201.50381679389312,250.1145038167939,71.61310432569977,116.2161407169224
-1.300048828125,1.9993896484375,-0.2286865234375,1.1459320274143683,-1.99945068359375,1.07830810546875,-0.30075480143229166,0.6431760124819722,-1.9993896484375,0.86016845703125,-0.2038421630859375,0.7001679106393314,-123.27480916030534,250.06106870229007,-3.286259541984732,56.43677067792045,-143.27480916030535,250.0916030534351,27.469974554707374,94.91039542234648,-176.67175572519085,250.10687022900763,41.26806615776082,105.56911348260094
-1.92120361328125,1.99981689453125,-0.04134724934895833,1.3566672650432097,-1.8958740234375,1.9991455078125,-0.37642008463541665,0.7648563451952739,-1.9993896484375,1.5218505859375,-0.6071207682291667,1.0411107085931055,-179.4351145038168,250.0381679389313,29.02684478371501,114.27971826078883,-250.12977099236642,224.66412213740458,-113.66221374045799,144.5511681229824,-247.96946564885496,250.1145038167939,43.13435114503816,110.9058703208124
-1.9522705078125,1.9993896484375,-0.2890096028645833,1.3171225924137164,-1.99945068359375,0.59393310546875,-0.48609822591145835,0.6710807739770575,-1.72198486328125,1.10089111328125,-0.36412150065104165,0.5666701535724753,-181.48091603053436,250.06106870229007,39.55534351145039,93.96439374260129,-229.10687022900763,250.0916030534351,89.9445292620865,139.62653168690838,-238.08396946564886,250.10687022900763,89.59529262086514,150.1316450154862
-1.91204833984375,1.99981689453125,-0.42539876302083335,1.0708553445844602,-1.9215087890625,1.9991455078125,-0.20190836588541666,0.7450475555235575,-1.99945068359375,1.9361572265625,0.0189544677734375,0.6849280102797297,-214.32824427480915,250.03053435114504,1.277735368956742,69.59270494852362,-250.12977099236642,247.61068702290078,-19.602671755725193,92.11510474142379,-39.81679389312977,250.1145038167939,40.85496183206105,92.34977378159526
-1.982177734375,1.9993896484375,0.06830037434895833,1.1515426579886001,-1.39483642578125,1.63763427734375,-0.07135823567708334,0.48660991646881313,-1.37615966796875,1.62725830078125,0.22148640950520834,0.5820465343169354,-229.9618320610687,250.06106870229007,13.8763358778626,122.93782041826177,-211.29007633587787,250.0916030534351,34.67837150127227,124.87239896691523,-241.09923664122138,250.10687022900763,10.734860050890585,122.15705031761178
-1.79388427734375,1.99981689453125,-0.41472981770833334,1.0053083750108025,-1.9796142578125,1.9991455078125,-0.21509908040364584,0.7213546532528602,-1.99945068359375,1.4635009765625,-0.0321990966796875,0.6148925866792103,-208.5114503816794,187.95419847328245,-7.045674300254455,63.280646587381696,-250.12977099236642,52.030534351145036,-31.172900763358772,83.55767147163947,-56.0,250.1145038167939,46.46055979643765,96.37418647943284
-1.956787109375,1.9993896484375,-0.44635009765625,1.081723024286542,-1.99945068359375,0.48822021484375,-0.32193603515625,0.5626813443572066,-1.99932861328125,1.92291259765625,-0.06784261067708333,0.6210336056739185,-168.06870229007635,155.70992366412213,4.792620865139951,44.26586752737344,-223.2824427480916,250.0916030534351,21.92391857506361,89.97854753421923,-179.18320610687022,250.10687022900763,43.57964376590333,112.32510354142708
-1.99029541015625,1.99981689453125,-0.4587198893229167,0.9502891575563943,-1.763916015625,1.9991455078125,-0.2812469482421875,0.7177646588857803,-1.99945068359375,1.335693359375,-0.07809956868489583,0.5854812388006947,-130.9236641221374,250.0381679389313,1.202162849872774,64.96719976004893,-250.12977099236642,185.00763358778627,-27.69211195928754,85.97444555696926,-19.519083969465647,250.1145038167939,50.23727735368957,93.48410528850016
-1.77392578125,1.9993896484375,-0.43006795247395835,1.173662699724297,-1.62542724609375,0.82366943359375,-0.15572509765625,0.466467485999083,-1.9993896484375,1.51898193359375,0.0909637451171875,0.49163312967844847,-243.48091603053436,250.06106870229007,-23.70330788804072,107.17151172351018,-232.3740458015267,250.0916030534351,57.576463104325704,110.68824222020072,-202.74809160305344,250.10687022900763,14.533078880407116,109.70936081459884
-1.90081787109375,1.99981689453125,-0.47470703125,1.1442412054073379,-1.66650390625,1.9991455078125,-0.2632039388020833,0.5110184938843443,-0.6298828125,1.5618896484375,0.1552001953125,0.42407148555492796,-72.17557251908397,250.03053435114504,67.9940203562341,101.98075872865712,-250.12977099236642,228.3740458015267,-45.50585241730279,116.06115800285505,-197.42748091603053,250.1145038167939,46.49058524173029,107.84695867527282
-1.9703369140625,1.9993896484375,-0.2831013997395833,1.0705734125498827,-1.48883056640625,1.63873291015625,-0.08289998372395833,0.552698492830601,-1.9993896484375,1.69488525390625,-0.1013092041015625,0.7600793692094456,-150.03053435114504,250.06106870229007,51.29312977099236,105.37641342473302,-216.73282442748092,250.0916030534351,70.78307888040712,150.10673677520114,-244.0,250.10687022900763,16.19605597964377,147.1220720249882
-1.97320556640625,1.99981689453125,-0.47918294270833334,0.9369971834191018,-1.373046875,1.8974609375,-0.30598347981770835,0.5671580406292472,-0.707275390625,0.6627197265625,0.006768798828125,0.2889131468825358,-63.80916030534351,123.90839694656489,9.455979643765906,34.62502691001598,-26.770992366412212,68.35114503816794,11.43982188295165,23.08625186862495,-233.14503816793894,250.1145038167939,28.134732824427473,101.98699457633386
-1.9559326171875,1.9993896484375,-0.35131632486979164,1.186108467954209,-1.99945068359375,0.59552001953125,-0.5239054361979166,0.58356078269736,-1.80926513671875,1.37298583984375,-0.5133341471354167,0.6448777879641352,-235.55725190839695,250.06106870229007,14.658524173027988,112.24894908825289,-237.54961832061068,250.0916030534351,84.84567430025446,152.32533352911497,-227.57251908396947,250.10687022900763,66.92188295165394,147.65568220973935
-1.78521728515625,1.99981689453125,-0.020981852213541666,1.1739592449968665,-1.9649658203125,1.9991455078125,-0.2106170654296875,0.7561022532892784,-1.99945068359375,1.7430419921875,-0.28904520670572914,1.0998554890323333,-225.29770992366412,250.0381679389313,-3.7773536895674327,107.57629087081715,-250.12977099236642,215.0763358778626,-55.93460559796436,135.14776170173323,-250.0,250.1145038167939,38.73422391857506,122.63011929437474
-1.8697509765625,1.9993896484375,-0.5232076009114583,1.0977300065634916,-1.99945068359375,1.75799560546875,-0.20459391276041666,0.7163856352588462,-1.51531982421875,0.42218017578125,-0.16673380533854168,0.3614514136389983,-157.18320610687022,200.94656488549617,6.059160305343513,77.89066226039697,-109.16030534351145,143.03053435114504,-1.424554707379133,46.297270032527145,-176.42748091603053,250.10687022900763,62.499618320610665,118.7073880787876
-1.93170166015625,1.99981689453125,-0.06619059244791667,1.1473927752662982,-1.6895751953125,1.693603515625,-0.34649251302083334,0.5506551081852994,-1.99945068359375,1.6348876953125,-0.3610605875651042,1.1001870988860771,-224.6412213740458,250.0381679389313,-6.8482188295165445,94.84693341586845,-250.12977099236642,245.5114503816794,-44.60788804071246,133.10649546912268,-232.61068702290078,250.1145038167939,32.010432569974554,119.02465042249972
-1.8321533203125,1.9993896484375,-0.235687255859375,1.1978709949719613,-1.99951171875,1.88116455078125,-0.2236175537109375,0.583146105502494,-1.04119873046875,1.66546630859375,0.23045857747395834,0.5410828159353134,-249.54198473282443,250.06106870229007,15.421882951653945,109.36211733031199,-215.38167938931298,250.0916030534351,10.774554707379139,95.50710778302052,-225.25954198473283,250.10687022900763,8.690203562340965,108.18668426287293
-1.6158447265625,0.3519287109375,-0.401226806640625,0.6271027884630692,-0.90277099609375,-0.08660888671875,-0.34524739583333336,0.20922383363144148,-1.21514892578125,0.99993896484375,-0.254949951171875,0.5902723092612869,-198.63358778625954,250.06106870229007,23.9470737913486,109.86996024882336,-220.58778625954199,120.32824427480917,7.18613231552163,63.1277560624361,-249.31297709923663,250.10687022900763,15.975445292620863,96.53052772844437
-1.63262939453125,1.99981689453125,-0.1339202880859375,1.033251195949943,-1.3470458984375,1.9991455078125,-0.13580729166666666,0.6637098760413179,-1.99945068359375,1.2298583984375,0.20238749186197916,0.7506386446124579,-217.4732824427481,250.0381679389313,14.762086513994909,125.30475994078782,-250.12977099236642,212.89312977099237,12.135623409669215,88.19996894805229,-184.64885496183206,250.1145038167939,33.29529262086514,103.76709729762194
-1.99664306640625,1.99981689453125,0.15938924153645834,1.4888890856949137,-1.77197265625,1.9991455078125,-0.022880045572916667,0.7545190095875047,-1.99945068359375,1.8277587890625,-0.5559397379557292,1.0954520490397621,-238.66412213740458,250.0381679389313,-8.495801526717557,116.41949151788104,-250.12977099236642,234.49618320610688,-99.41984732824426,143.4440918911495,-238.85496183206106,250.1145038167939,19.739821882951663,135.84589596872792
-1.7862548828125,1.9993896484375,-0.6980997721354166,0.8345821493265335,-1.99951171875,1.08270263671875,-0.07307230631510417,0.3755536399031821,-1.9993896484375,1.94781494140625,0.25110982259114584,0.6494524341476875,-209.09923664122138,250.06106870229007,3.3755725190839687,79.68433081834836,-219.3587786259542,250.0916030534351,30.54694656488547,96.08116930262197,-142.2290076335878,237.9618320610687,5.8758269720101755,63.15577867179068
-1.29937744140625,1.81597900390625,-0.23751424153645834,0.8139939909211535,-1.7388916015625,0.6109619140625,-0.27792561848958336,0.4949828474328031,-1.463134765625,1.7838134765625,0.34048868815104166,0.6252066792171767,-242.66412213740458,250.0381679389313,15.39363867684477,124.6332270548203,-250.12977099236642,228.61832061068702,28.159033078880395,83.2226199684179,-198.49618320610688,250.1145038167939,22.039058524173033,97.19530437832671
-1.6427001953125,1.9993896484375,-0.23635457356770834,1.1574682339721367,-1.99945068359375,0.83294677734375,-0.3144307454427083,0.5937399661263865,-1.9993896484375,1.07086181640625,-0.1353363037109375,0.6663838183984239,-121.73282442748092,211.75572519083968,-1.6506361323155219,51.443496810726785,-146.6946564885496,250.0916030534351,31.25076335877863,95.99181440451083,-173.1679389312977,250.10687022900763,36.884732824427466,102.73883193719813
-1.98004150390625,1.99981689453125,0.12421875,1.4541462711536668,-1.8238525390625,1.9991455078125,-0.12901102701822917,0.734052754530246,-1.99945068359375,1.79736328125,-0.24131571451822917,1.1903091927500289,-162.51908396946564,250.0381679389313,13.036386768447821,94.69770905954047,-250.12977099236642,248.6793893129771,-114.13944020356232,161.09166423095542,-229.12213740458014,250.1145038167939,51.40279898218831,138.13337244945075
-1.2216796875,1.9993896484375,-0.376629638671875,1.1210231570275817,-1.99945068359375,1.72613525390625,-0.2572123209635417,0.7367290577119198,-1.9993896484375,1.80328369140625,-0.2715688069661458,0.73224279544967,-185.00763358778627,142.80152671755727,-7.26081424936387,53.735290138202295,-145.0,250.0916030534351,30.333460559796446,94.20691336810972,-112.98473282442748,250.10687022900763,37.979007633587806,100.77423956889356
-1.93927001953125,1.99981689453125,-0.047589111328125,1.0157794682797912,-1.785888671875,1.99908447265625,-0.3229400634765625,0.6666103556713707,-1.99945068359375,1.3641357421875,-0.21222127278645833,1.0209664585971368,-238.0,250.0381679389313,-12.47569974554708,111.23922223791702,-250.12977099236642,239.3740458015267,-32.93358778625956,135.54719115046706,-238.8320610687023,250.1145038167939,29.977480916030537,117.22280593866772
-1.9871826171875,1.9993896484375,-0.141790771484375,1.161163894637094,-1.99951171875,1.11187744140625,-0.22507832845052084,0.6303342101181809,-1.9993896484375,1.17449951171875,-0.1967376708984375,0.8453072372891802,-226.17557251908397,250.06106870229007,55.89045801526718,139.63781772369967,-237.61832061068702,250.0916030534351,34.3208651399491,140.12209619157562,-211.23664122137404,250.10687022900763,38.7264631043257,133.11245061562292
-1.97198486328125,1.99981689453125,-0.05648600260416667,1.470519724634758,-1.8656005859375,1.9991455078125,-0.10237325032552083,0.7272244996842259,-1.99945068359375,1.5596923828125,-0.29065043131510415,1.0914536850749224,-230.09923664122138,250.03053435114504,-1.7180661577608165,87.6176851790798,-250.12977099236642,235.83969465648855,-122.90318066157758,156.94010251670753,-244.23664122137404,250.1145038167939,27.25063613231553,132.705989836488
-1.87548828125,1.9993896484375,-0.31667887369791664,1.0698674705366582,-1.17779541015625,1.11199951171875,-0.13762003580729168,0.47259431152982456,-1.29302978515625,1.84722900390625,0.04284871419270833,0.722719622393489,-223.23664122137404,250.06106870229007,28.739312977099242,117.95727173484833,-195.54961832061068,250.0916030534351,66.27544529262084,150.50380100684697,-230.29007633587787,250.10687022900763,22.779262086514002,134.6120036067991
-1.97296142578125,1.99981689453125,0.074945068359375,1.320651600376379,-1.9324951171875,1.9991455078125,-0.38804524739583335,0.9413288321157247,-1.9993896484375,0.735595703125,-0.7487223307291667,0.9270802660845145,-247.66412213740458,250.0381679389313,23.265267175572525,132.4219062285251,-250.12977099236642,156.70229007633588,-108.54580152671753,127.19037358709902,-219.0229007633588,250.1145038167939,44.02264631043258,119.34167456206424
-1.9539794921875,1.9993896484375,-0.42514241536458336,1.1227159397633755,-1.35028076171875,0.86920166015625,-0.21542765299479166,0.45570213101130935,-0.92095947265625,0.46282958984375,-0.13663126627604166,0.28503937611628677,-208.59541984732823,250.06106870229007,23.40318066157762,61.26157225394845,-72.0381679389313,147.44274809160305,3.3891857506361323,40.71447861681534,-242.06870229007635,250.10687022900763,38.77849872773538,118.12115815359667
-1.98748779296875,1.99981689453125,-0.556744384765625,1.0574498378602308,-1.5162353515625,1.2237548828125,-0.374639892578125,0.62808213719584,-0.576904296875,0.8427734375,0.11695149739583334,0.2853226601178817,-204.23664122137404,217.46564885496184,-18.12875318066157,99.96677363208764,-106.74045801526718,86.08396946564885,-4.493256997455473,48.47737480403171,-177.8854961832061,149.24427480916032,-2.97735368956743,77.85773999923613
-1.6077880859375,-0.5712890625,-0.9400390625,0.2248440216659857,-0.47552490234375,0.45159912109375,-0.057108561197916664,0.21526905121440867,-0.40948486328125,0.57196044921875,0.10694376627604167,0.1665808404198186,-75.00763358778626,136.9236641221374,16.364376590330792,40.824299715561025,-84.35114503816794,137.25190839694656,0.6680661577608139,32.2353495420764,-143.91603053435114,117.79389312977099,-12.015903307888044,55.38287306544928
-1.06072998046875,0.43634033203125,-0.35091756184895834,0.2871809582558441,-1.8565673828125,-0.2554931640625,-0.7958089192708333,0.3674208596398893,0.0535888671875,0.8743896484375,0.42813313802083336,0.18852795038008274,-86.80916030534351,76.2824427480916,3.515648854961832,37.5308186436371,-193.13740458015266,61.02290076335878,-46.18956743002545,62.81510234440984,-168.50381679389312,140.78625954198472,11.457633587786255,72.19067993840791
-1.18328857421875,1.99981689453125,-0.6243631998697917,0.7151850392726296,-1.3323974609375,1.792724609375,-0.299658203125,0.5671851058925819,-0.98388671875,0.368896484375,0.00152587890625,0.2247005218675078,-99.38167938931298,119.58778625954199,9.177480916030538,41.660292666005944,-36.961832061068705,107.43511450381679,12.089440203562333,27.0784202800567,-158.06106870229007,250.1145038167939,35.38638676844785,97.06601815002738
-1.697509765625,1.9993896484375,-0.2909769694010417,1.1969636659773402,-1.99945068359375,1.45806884765625,-0.18216349283854166,0.738047036445622,-1.24554443359375,0.25506591796875,-0.12700398763020834,0.31204521682903175,-136.08396946564886,184.04580152671755,16.859541984732825,54.032868131073364,-114.46564885496183,47.54961832061068,-4.837277353689568,26.98421803287588,-219.49618320610688,250.10687022900763,60.88893129770993,119.70214343183642
-1.59674072265625,1.99981689453125,-0.470526123046875,0.9582842009746888,-1.9967041015625,0.3275146484375,-0.27165323893229165,0.5148186886959141,-0.7806396484375,1.07763671875,0.19815877278645833,0.3949026247351683,-58.221374045801525,250.03053435114504,67.54249363867683,96.3069299649161,-250.12213740458014,200.8091603053435,8.951781170483464,111.19878481507216,-202.36641221374046,250.1145038167939,38.1819338422392,107.59347501758508
-1.724609375,1.9993896484375,-0.6074971516927083,0.9914098495205457,-1.15814208984375,0.76727294921875,-0.18153483072916668,0.357627081900636,-0.40667724609375,1.21917724609375,0.158843994140625,0.34708789142985624,-105.74045801526718,250.05343511450383,99.42277353689568,110.09451336722299,-243.8320610687023,250.0916030534351,41.61692111959288,123.15494379784509,-227.6793893129771,227.80152671755727,20.086768447837144,110.21818268574953
-1.54901123046875,1.99981689453125,-0.23194376627604166,1.30278758314675,-1.987060546875,1.9991455078125,-0.03272298177083333,0.8439057720670121,-1.99945068359375,1.8814697265625,-0.18441569010416667,0.6098376588075971,-67.35114503816794,250.03053435114504,55.48536895674304,104.18746926674758,-250.12977099236642,244.81679389312978,-30.85890585241731,103.4252905230478,-135.14503816793894,250.1145038167939,32.59262086513997,99.50088332312974
-1.8511962890625,1.9993896484375,-0.34713948567708336,1.257675779780398,-1.99951171875,1.91009521484375,-0.2084991455078125,0.6750789087331307,-1.9993896484375,1.62860107421875,-0.042083740234375,0.6229964143581105,-93.18320610687023,250.05343511450383,71.8782442748092,112.19710390417428,-213.73282442748092,250.0916030534351,53.16730279898219,112.17710308956197,-204.46564885496184,250.10687022900763,53.546692111959274,112.58547265745788
-1.53863525390625,1.99981689453125,-0.27117716471354164,1.2668163275541449,-1.6220703125,1.9991455078125,0.07271525065104166,0.8764719636464425,-1.9993896484375,1.9708251953125,-0.10013834635416667,0.7387033024212695,-55.05343511450382,250.03053435114504,46.50229007633588,93.67020140269456,-250.12977099236642,225.61068702290078,-30.955979643765904,95.10344111024696,-236.84732824427482,250.1145038167939,45.85279898218828,105.43020639482813
-0.9947509765625,1.9993896484375,-0.17017008463541666,1.2633957615969873,-1.99951171875,1.06756591796875,-0.3417104085286458,0.583096152529251,-1.9993896484375,1.63494873046875,-0.19977620442708333,0.8157085723833858,-57.02290076335878,250.05343511450383,56.47340966921122,97.01261299403947,-149.04580152671755,250.0916030534351,43.219720101781164,103.25986084156543,-214.70229007633588,250.10687022900763,34.04618320610687,104.33660199341533
-1.89959716796875,1.99981689453125,-0.81444091796875,0.8310013498337406,-1.2496337890625,0.625732421875,-0.235467529296875,0.36414032606371494,-0.3826904296875,1.189697265625,0.239892578125,0.37446417337399546,-97.66412213740458,250.03053435114504,53.06641221374043,98.99842843640428,-250.12977099236642,247.74045801526717,-11.27798982188295,124.65824732220452,-160.793893129771,250.10687022900763,32.22557251908397,102.8734930252462
-1.99957275390625,0.83135986328125,-0.810601806640625,0.8261753702087851,-2.0,1.13818359375,-0.282867431640625,0.46796436077574627,-1.687744140625,1.9991455078125,0.3483530680338542,0.7970707151861084,-147.27480916030535,250.0763358778626,-4.513867684478376,62.642084642905914,-250.12977099236642,158.94656488549617,-25.30445292620865,129.2012639969892,-241.87022900763358,250.0916030534351,5.600127226463104,90.4497788508558
-1.21014404296875,1.99993896484375,-0.47623087565104166,0.92327051228295,-1.99920654296875,1.2349853515625,-0.28552449544270836,0.5727136430101873,-1.26373291015625,0.56695556640625,-0.14848429361979168,0.37506157367643783,-35.87786259541985,155.21374045801528,18.325190839694656,43.720250977562806,-47.0763358778626,78.19083969465649,7.546310432569977,20.22250069851891,-240.4732824427481,250.12213740458014,21.612468193384228,112.52531825362497
-1.99957275390625,0.71685791015625,-0.7802998860677083,0.9279120266731095,-2.0,1.87451171875,-0.18052775065104168,0.5406901035347699,-1.4869384765625,1.9991455078125,0.370196533203125,0.9124157322449397,-104.46564885496183,250.0763358778626,15.519465648854956,76.10681357597669,-250.12977099236642,227.2290076335878,-37.4216284987277,157.50700124180653,-205.4198473282443,250.0916030534351,-17.822010178117047,99.6813243444402
-1.96160888671875,1.99993896484375,-0.112664794921875,1.0466353551860492,-1.9991455078125,1.295166015625,-0.26048380533854165,0.6809658119213587,-1.58197021484375,1.999267578125,0.24289042154947918,0.6719528290080243,-218.70992366412213,250.06870229007635,30.504452926208664,123.86914755777732,-141.74045801526717,185.45038167938932,14.303307888040715,73.4178121214445,-165.55725190839695,250.12213740458014,42.10343511450381,112.57030835826947
-1.99957275390625,0.72991943359375,-0.5921773274739583,0.7582408845000367,-2.0,1.7730712890625,-0.5520039876302083,0.6587836444224685,-1.2314453125,1.9991455078125,0.32540690104166664,0.6877478525529223,-141.73282442748092,154.67175572519085,-2.2702290076335885,46.38715084081642,-250.12977099236642,44.85496183206107,-35.86132315521627,87.34925397563084,-227.29770992366412,250.0916030534351,53.72608142493638,105.43607962583027
-1.59515380859375,1.99993896484375,0.16904500325520833,1.363762399683285,-1.99920654296875,1.230224609375,-0.0426544189453125,0.7340363039606307,-1.47320556640625,1.99932861328125,0.35453592936197914,1.0275309468953029,-245.99236641221373,250.06870229007635,-6.892875318066162,124.32495241191253,-196.16030534351145,250.0916030534351,147.19223918575065,137.19881430757854,-201.81679389312978,250.12213740458014,34.65152671755724,126.96309425962173
-1.99847412109375,1.99993896484375,0.322869873046875,1.3167117507216177,-1.9991455078125,0.6214599609375,-0.7614766438802083,0.6755543794462563,-1.92755126953125,1.99932861328125,0.3362935384114583,1.231523074573944,-203.53435114503816,250.06870229007635,39.14694656488549,120.35723218557,-219.27480916030535,250.0916030534351,77.08282442748084,152.9029814725075,-241.0916030534351,250.12213740458014,63.95241730279897,114.74978840937924
-1.38568115234375,1.99993896484375,0.16763102213541667,1.0486706973821547,-1.457275390625,0.7122802734375,-0.17570393880208332,0.45562652489291683,-1.83099365234375,1.99932861328125,0.330389404296875,0.9590839151222388,-175.26717557251908,212.05343511450383,-16.871628498727738,83.10464777818751,-237.89312977099237,250.0916030534351,51.2296437659033,132.0274960133255,-220.48091603053436,250.12213740458014,34.66832061068703,111.11547731643223
-1.99957275390625,0.91961669921875,-0.5011433919270833,0.792512692450272,-2.0,1.99993896484375,-0.5878631591796875,0.6607882111507696,-0.9691162109375,1.9991455078125,0.3201548258463542,0.6419699646072659,-116.01526717557252,179.93893129770993,0.6734096692111974,51.606453184469416,-250.12977099236642,145.2290076335878,-29.035241730279893,85.29113008901881,-37.38931297709924,250.0916030534351,54.45712468193385,99.934041274373
-1.87896728515625,1.99993896484375,-0.27412516276041665,1.1102891750317763,-1.99920654296875,1.1068115234375,-0.4987823486328125,0.6744361351774742,-1.66961669921875,1.99932861328125,0.1076263427734375,0.6467187943552212,-139.5801526717557,250.06870229007635,-0.03613231552162694,55.122291537956,-246.58778625954199,250.0916030534351,19.073791348600512,92.07452213678332,-18.793893129770993,250.12213740458014,52.49770992366411,97.31150033734089
-1.97576904296875,1.99993896484375,0.039137776692708334,1.2665171040606538,-1.9991455078125,0.2872314453125,-0.6034830729166667,0.5573443752274431,-1.78289794921875,1.99932861328125,0.15544230143229168,1.208921216163108,-232.65648854961833,250.06870229007635,10.337022900763353,115.56073337088975,-228.54961832061068,250.0916030534351,65.4935114503817,162.44324458428346,-205.3587786259542,250.12213740458014,51.01730279898218,111.10586098816597
-1.99957275390625,0.49932861328125,-0.86407470703125,0.6400339381187524,-2.0,1.99993896484375,-0.5784505208333334,0.7046682861651737,-1.2178955078125,0.333984375,-0.13852945963541666,0.38858087640437394,-80.19083969465649,212.01526717557252,14.68854961832061,46.84920642513417,-46.57251908396947,74.27480916030534,8.066921119592875,21.022739074898183,-240.25954198473283,250.0916030534351,27.690839694656496,102.24518534870255
-1.41912841796875,-0.76177978515625,-0.885791015625,0.09259019380308549,-1.2625732421875,-0.319091796875,-0.49437255859375,0.1399408835515315,-0.3768310546875,0.2315673828125,0.00289306640625,0.08237589711162162,-37.70229007633588,76.73282442748092,0.1141221374045798,23.14576672120865,-49.61832061068702,85.74809160305344,5.363231552162848,20.981046609435595,-149.3206106870229,190.59541984732823,-2.1755725190839694,49.647554213549114
-1.97698974609375,1.99993896484375,-0.0280029296875,1.0619871152684346,-1.99920654296875,0.925537109375,-0.26354878743489585,0.5675852277151799,-1.68353271484375,1.99932861328125,0.43392842610677085,0.9713370043239138,-242.86259541984734,250.06870229007635,-12.109414758269716,88.42944773527644,-209.6259541984733,250.0916030534351,54.3142493638677,118.24980585205753,-212.36641221374046,250.12213740458014,52.52620865139948,119.26170237929234
-1.24029541015625,1.99993896484375,-0.353936767578125,0.8659770505925081,-1.99920654296875,1.2098388671875,-0.5443267822265625,0.625266937417802,-1.56927490234375,1.99932861328125,-0.07673136393229167,0.5377579926982139,-65.6412213740458,219.35114503816794,18.47315521628499,64.45017083223328,-84.29007633587786,76.10687022900764,12.185114503816797,31.64293592729907,-187.65648854961833,250.12213740458014,40.657760814249365,101.47116977758381
-1.99957275390625,0.39776611328125,-1.0038614908854167,0.6843954748497828,-2.0,1.99993896484375,-0.09574483235677084,0.8611655452224418,-1.6658935546875,1.9991455078125,0.4643351236979167,0.819079271511263,-104.67175572519083,250.06870229007635,10.51615776081425,82.59992911204696,-250.12977099236642,247.70229007633588,-24.589058524173037,143.79199202438582,-198.87786259541986,250.0916030534351,48.27480916030536,108.47369052147927
-1.99957275390625,0.77362060546875,-1.0074625651041667,0.7191234519973407,-2.0,0.9620361328125,-0.6497049967447917,0.7854034140599793,-1.905029296875,1.9991455078125,-0.11901041666666666,0.9826466769133294,-129.08396946564886,178.74045801526717,19.313740458015268,73.37961157926196,-250.12977099236642,222.46564885496184,-77.30127226463105,144.45825928166377,-196.33587786259542,250.0916030534351,85.1153944020356,132.41521312759596
-1.90594482421875,1.99993896484375,-0.184124755859375,1.0961744893346101,-1.9991455078125,1.9066162109375,-0.21591389973958333,0.7226681306368858,-1.98162841796875,1.75665283203125,0.15092976888020834,0.7529209775358768,-214.63358778625954,250.06870229007635,15.02646310432568,128.08390868728725,-112.81679389312977,250.08396946564886,47.59020356234096,84.07211852445243,-248.70229007633588,250.12213740458014,24.786132315521623,115.07714073496508
-1.9996337890625,1.80694580078125,-0.711383056640625,0.7531200742835468,-2.0,1.99993896484375,-0.30737508138020836,0.8386408307229606,-1.609619140625,1.9991455078125,-0.084771728515625,0.7894242193212223,-228.54961832061068,250.0763358778626,53.84083969465649,120.12280971352205,-250.12977099236642,248.34351145038167,-2.652798982188289,99.78688134864679,-221.3053435114504,250.0916030534351,21.237913486005095,124.31977157985808
-1.99957275390625,0.75299072265625,-0.6585469563802083,0.6150157933208676,-2.0,1.99993896484375,-0.6165659586588542,0.6636950343772025,-1.31201171875,0.358154296875,-0.219757080078125,0.3549696267617645,-109.16793893129771,250.06870229007635,0.8744274809160284,57.864158241508434,-76.87786259541984,100.14503816793894,8.202290076335878,37.24680165338563,-129.78625954198472,250.0916030534351,34.78333333333333,100.89940993048596
-1.73223876953125,1.99993896484375,-0.336492919921875,1.096071410897658,-1.99920654296875,0.75537109375,-0.37531636555989584,0.6413943923092104,-1.29315185546875,1.99932861328125,0.17128804524739583,0.6611885562343028,-224.80152671755727,239.3053435114504,-1.8826972010178094,69.88693580819587,-245.76335877862596,250.0916030534351,16.039821882951657,91.74763384340415,-17.244274809160306,250.12213740458014,43.29503816793895,92.81140643823966
-1.9996337890625,1.76629638671875,-0.7316650390625,0.7058126971059739,-2.0,1.99993896484375,-0.29821675618489585,0.8545137191528906,-1.859619140625,1.9991455078125,-0.07447713216145833,0.8060218020220818,-192.81679389312978,250.0763358778626,46.44312977099237,109.48896250897515,-250.12977099236642,227.21374045801528,-16.773155216284987,96.22877135608148,-239.06870229007635,250.0916030534351,10.37111959287532,124.50473109404872
-1.96771240234375,1.99993896484375,0.18469034830729167,1.4903167532178891,-1.99920654296875,1.4527587890625,-0.0072784423828125,0.783907942987171,-1.86602783203125,1.99932861328125,0.48735148111979165,1.0768732649075434,-226.57251908396947,250.06106870229007,-11.895801526717557,112.61812273733109,-249.24427480916032,250.0916030534351,121.74681933842238,152.75179338930235,-246.0916030534351,250.12213740458014,44.95496183206105,133.65870911586362
-1.99957275390625,0.57281494140625,-0.8856770833333333,0.6420242868938453,-2.0,1.99993896484375,-0.42374267578125,0.6490615644677251,-1.0169677734375,0.766357421875,0.030474853515625,0.3288703860701761,-118.25954198473282,199.12213740458014,10.231043256997458,57.94848963198208,-72.22137404580153,157.5648854961832,14.136386768447835,46.54847358167534,-240.06106870229007,250.0916030534351,26.312595419847323,104.30795967876149
-1.99957275390625,-0.21307373046875,-1.0236958821614583,0.40956539863039165,-2.0,1.807861328125,-0.3561767578125,0.7570665317679753,-1.6488037109375,1.9991455078125,0.16259867350260418,0.7226494132622988,-157.83969465648855,220.99236641221373,10.562595419847325,88.10861088635589,-120.06870229007633,167.87786259541986,7.267811704834601,66.61954650877158,-248.84732824427482,170.16030534351145,-5.518829516539441,81.17136008164596
-1.87481689453125,1.99993896484375,-0.37202555338541665,1.2711940862893574,-1.9991455078125,1.0107421875,-0.19238484700520833,0.5340138559324045,-1.22064208984375,1.61041259765625,-0.035711669921875,0.490602788215955,-136.00763358778627,250.06106870229007,68.98422391857507,115.70719949810032,-225.68702290076337,250.09923664122138,26.353816793893138,118.16833735811463,-213.46564885496184,250.12213740458014,42.816030534351135,111.35837145860648
-1.99957275390625,-0.90863037109375,-1.2351277669270833,0.475243944305253,-2.0,0.5870361328125,-0.42384033203125,0.5797631307850615,-1.522705078125,1.9991455078125,0.017757161458333334,0.596186793145016,-82.70992366412214,250.06870229007635,51.757760814249345,98.48427793501645,-250.12977099236642,190.74809160305344,-34.05661577608141,107.38585130752273,-82.36641221374046,250.0916030534351,37.98727735368956,91.22830807111654
